tick,preco,DY,P_L,P_VP,P_ativos,margem_bruta,margem_EBIT,margem_liq,P_EBIT,EV_EBIT,divida_liq_EBIT,divida_liq_patrimonio,PSR,P_cap_giro,P_cirulante_liq,liq_corrente,ROE,ROA,ROIC,patrimonio_ativos,passivos_ativos,giro_ativos,receitas_5anos,lucros_5anos,liq_media_diaria,ano,margem_EBITDA,divida_liq_EBITDA,VPA,P_EBITDA,LPA,EV_EBITDA,liq_imediata
AALR3,10.89,0.8,69.45,0.99,0.49,24.4,10.06,1.77,12.23,17.61,5.39,0.44,1.23,-91.02,-0.64,0.98,1.43,0.71,4.36,0.49,0.51,0.4,22.24,0.0,9190647.37,2020,0.22,0.63,10.96,5.59,0.16,8.29,0.4
ABEV3,13.46,3.64,19.89,2.94,1.86,57.74,28.59,20.26,14.09,13.44,-0.65,-0.14,4.03,36.09,-2.56,1.23,14.77,9.37,19.35,0.63,0.37,0.46,6.67,-0.28,395449207.87,2020,0.38,0.05,4.58,10.51,0.68,10.16,0.53
ALPA4,28.08,0.2,69.05,5.77,3.14,51.19,8.15,6.8,57.56,50.98,-1.11,-0.11,4.69,12.21,-7.58,1.79,8.35,4.55,6.0,0.55,0.45,0.67,1.55,-1.97,59103410.47,2020,0.1,0.39,4.87,45.34,0.41,43.91,0.82
ALPK3,9.4,0.0,0.0,3.13,0.75,0.0,0.0,0.0,0.0,0.0,0.0,2.46,0.0,-7.35,-0.84,0.5,0.0,0.0,0.0,0.24,0.76,0.0,0.0,0.0,6210727.57,2020,0.0,0.0,0.0,0.0,0.0,0.0,0.0
ALSO3,29.2,0.0,61.62,1.02,0.71,71.07,39.35,14.34,22.46,18.2,-4.26,-0.19,8.84,5.05,-0.84,9.03,1.65,1.15,3.72,0.7,0.3,0.08,18.45,-27.08,70559096.27,2020,0.58,0.0,28.67,14.91,0.48,12.2,7.71
ALUP11,23.89,1.38,5.1,0.9,0.35,49.37,47.57,29.42,3.16,5.51,2.35,0.67,1.5,2.4,-0.47,2.43,17.54,6.89,10.14,0.39,0.61,0.23,25.59,16.91,18324520.97,2020,0.49,1.1,26.69,3.05,4.69,5.3,1.67
AMAR3,8.53,0.0,-12.5,1.69,0.65,45.06,-0.34,-6.27,-231.42,-335.21,-103.79,0.76,0.78,2.78,-1.43,1.76,-13.49,-5.23,-1.33,0.39,0.61,0.83,-2.93,0.0,66609408.43,2020,0.03,0.95,5.07,27.85,-0.68,40.86,0.24
ANIM3,23.32,0.0,-38.95,1.56,0.77,44.54,5.91,-5.37,35.4,39.39,3.99,0.18,2.09,2.74,-1.25,3.81,-4.0,-1.98,2.39,0.5,0.5,0.37,11.24,0.0,12061464.03,2020,0.06,0.74,20.76,25.71,-0.82,30.15,2.77
APER3,23.97,0.22,-124.18,1.56,1.05,100.0,-2.57,-2.36,-113.85,-81.07,32.78,-0.45,2.93,4.32,-1.72,2.61,-1.26,-0.84,-1.38,0.67,0.33,0.36,-16.64,-31.12,2292472.17,2020,0.06,0.0,15.33,47.68,-0.26,33.49,2.03
ARZZ3,44.28,1.31,24.43,5.33,2.11,46.23,13.74,9.83,17.48,17.46,-0.01,0.0,2.4,5.11,-8.25,2.26,21.82,8.65,13.02,0.4,0.6,0.88,9.79,7.54,22582186.07,2020,0.18,0.81,8.3,13.31,1.84,13.66,0.99
AZUL4,22.26,0.0,-3.22,-2.9,1.49,-0.78,-11.73,-74.27,-20.42,-34.55,-14.13,0.0,2.39,-4.53,-1.84,0.37,90.1,-46.19,-15.39,-0.51,1.51,0.62,14.54,0.0,496253449.53,2020,0.2,-2.14,-29.27,3.11,-26.37,11.16,0.13
B3SA3,49.79,2.87,32.73,4.12,2.49,100.0,59.44,48.68,26.81,25.31,-1.5,-0.23,15.93,54.15,-3.5,1.19,12.58,7.61,10.47,0.61,0.39,0.16,23.81,22.64,602513439.63,2020,0.68,0.21,12.09,20.99,1.52,19.8,1.1
BBSE3,26.6,10.53,8.15,8.73,4.56,0.0,0.0,0.0,6.25,6.25,0.0,0.0,0.0,39.1,-8.48,1.34,107.08,55.99,0.0,0.52,0.48,0.0,0.0,14.01,137119153.1,2020,0.0,0.0,3.05,0.0,3.26,0.0,1.13
BEEF3,13.02,0.0,19.84,10.91,0.39,19.26,8.7,1.82,4.14,7.68,3.54,9.32,0.36,1.28,-1.15,1.88,54.99,1.98,11.35,0.04,0.96,1.09,19.63,0.0,134530928.97,2020,0.1,20.24,1.43,3.14,0.79,5.97,1.12
BKBR3,11.8,0.43,-265.19,1.55,0.78,61.65,1.71,-0.36,55.2,59.79,4.59,0.13,0.94,33.89,-0.99,1.12,-0.58,-0.3,1.36,0.51,0.49,0.83,433.99,0.0,25665127.27,2020,0.07,0.4,7.61,13.54,-0.04,14.66,0.74
BRAP4,35.52,2.25,2191.87,1.17,1.12,0.0,0.0,0.0,-3330.33,-3225.37,-6.94,0.0,0.0,44.62,-1.18,2.0,0.05,0.05,-0.04,0.95,0.05,0.0,0.0,0.0,98338692.67,2020,0.0,0.02,30.23,0.0,0.01,0.0,0.72
BRDT3,22.76,2.04,13.47,2.95,0.92,5.67,1.41,2.1,20.1,23.4,3.29,0.48,0.28,3.84,-1.93,1.85,21.87,6.83,1.76,0.31,0.69,3.25,-0.73,14.51,180716927.6,2020,0.02,1.15,7.73,14.95,1.69,17.86,0.73
BRFS3,21.32,0.0,13.62,2.55,0.37,25.15,9.56,3.63,5.17,9.56,4.39,2.16,0.49,5.5,-0.62,1.19,18.71,2.69,11.11,0.14,0.86,0.74,2.89,-33.13,261826219.93,2020,0.14,3.38,8.36,3.72,1.57,6.59,0.51
BRKM5,24.51,3.42,-2.35,-6.82,0.25,11.65,-3.45,-15.99,-10.89,0.0,-14.76,0.0,0.38,3.34,-0.38,1.29,289.77,-10.76,-14.9,-0.04,1.04,0.67,3.0,0.0,127655749.5,2020,0.02,-13.55,-3.6,18.39,-10.0,42.21,0.62
BRML3,10.5,7.87,6.81,0.78,0.48,89.4,159.17,108.24,4.63,5.7,1.07,0.18,7.37,12.29,-0.51,2.72,11.51,7.05,10.48,0.61,0.39,0.07,-1.04,18.24,170254995.63,2020,1.64,0.26,13.41,4.46,1.54,5.53,2.02
BRPR3,9.12,0.95,9.08,0.62,0.45,100.0,213.72,138.29,5.88,6.58,0.7,0.07,12.56,3.78,-0.53,5.15,6.84,4.97,7.88,0.73,0.27,0.04,-14.64,3.09,34335246.93,2020,2.14,0.24,14.68,5.92,1.0,6.57,4.29
BTOW3,101.66,0.0,-185.36,9.45,3.3,29.67,1.59,-4.0,466.3,468.4,2.1,0.04,7.41,10.68,-7.97,2.11,-5.1,-1.78,-0.04,0.35,0.65,0.45,-3.2,0.0,474710807.33,2020,0.09,1.21,10.76,79.83,-0.55,81.55,1.46
CAML3,10.61,1.85,16.38,1.75,0.82,23.18,5.53,4.44,13.16,16.93,3.77,0.5,0.73,2.7,-1.86,2.17,10.65,4.98,7.47,0.47,0.53,1.12,7.98,17.95,16496948.13,2020,0.0,0.0,0.0,0.0,0.0,0.0,0.0
CARD3,12.65,2.46,16.72,2.0,1.1,26.47,11.71,7.14,10.19,11.75,1.56,0.31,1.19,-153.53,-1.49,0.97,11.96,6.55,11.33,0.55,0.45,0.92,1.77,18.99,3153351.93,2020,0.25,0.41,6.32,4.76,0.81,5.5,0.2
CCRO3,14.26,5.35,21.42,3.17,0.85,41.71,32.72,12.42,8.13,12.07,3.93,1.53,2.66,-97.46,-1.08,0.96,14.79,3.97,9.42,0.27,0.73,0.32,7.44,1.11,141689575.07,2020,0.51,2.09,4.5,5.05,0.67,7.66,0.67
CEAB3,11.74,2.16,21.91,1.34,0.62,48.71,7.13,3.16,9.72,13.54,3.82,0.52,0.69,6.17,-0.97,1.4,6.09,2.85,7.79,0.47,0.53,0.9,0.0,0.0,31377184.7,2020,0.16,0.63,8.79,4.25,0.54,5.96,0.19
CESP6,28.01,6.6,6.67,1.3,0.7,42.22,50.4,82.03,10.86,0.0,1.03,0.12,5.47,37.01,-0.78,1.23,19.52,10.48,-1.57,0.54,0.46,0.13,-20.2,15.73,73152079.5,2020,0.75,0.26,21.51,7.35,4.2,8.03,0.88
CGAS5,185.01,9.38,15.86,32.11,2.89,34.28,24.67,15.84,10.18,0.0,1.91,6.02,2.51,269.8,-4.1,1.04,202.51,18.25,27.94,0.09,0.91,1.15,8.3,17.45,617224.83,2020,0.27,7.01,5.76,9.26,11.67,10.94,0.31
CIEL3,4.89,2.6,11.09,1.44,0.16,46.45,22.14,23.59,11.82,12.12,0.31,0.04,2.62,2.01,-1.06,1.1,12.95,1.42,4.32,0.11,0.89,0.06,7.99,-11.13,150483072.73,2020,0.3,1.09,3.41,8.96,0.44,8.84,0.15
CLSC4,52.99,3.63,5.76,1.32,0.22,13.04,7.15,4.44,3.57,5.72,2.23,0.82,0.26,3.94,-0.31,1.23,22.88,3.77,13.06,0.16,0.84,0.85,4.99,-11.18,1085986.2,2020,0.1,1.04,40.21,2.49,9.26,4.13,0.15
CMIG4,10.84,2.53,6.95,1.0,0.31,22.03,9.57,8.9,6.47,12.14,5.5,0.85,0.62,5.81,-0.4,1.35,14.36,4.51,4.16,0.31,0.69,0.51,5.38,-0.06,142919925.73,2020,0.13,1.0,10.85,4.76,1.56,8.53,0.3
CNTO3,33.08,0.0,25.74,6.82,2.03,49.45,18.41,12.17,17.01,16.86,-0.15,-0.06,3.13,17.07,-3.36,1.43,26.5,7.87,30.84,0.3,0.7,0.65,0.0,0.0,81005008.4,2020,0.0,0.0,0.0,0.0,0.0,0.0,0.0
COCE5,55.5,3.83,8.99,1.35,0.47,15.79,11.79,8.61,6.56,0.0,3.72,0.76,0.77,48.14,-0.65,1.04,15.0,5.28,9.43,0.35,0.65,0.61,8.25,9.99,2190700.73,2020,0.17,0.84,41.14,4.64,6.19,7.22,0.1
COGN3,6.43,0.6,-265.97,0.66,0.33,59.2,11.52,-0.67,15.37,27.13,11.76,0.5,1.77,3.81,-0.4,1.97,-0.25,-0.13,2.45,0.5,0.5,0.19,13.24,-24.68,334649058.53,2020,0.18,0.66,11.13,8.38,-0.03,16.32,0.89
CPFE3,31.78,0.0,11.88,2.52,0.76,22.41,16.14,10.24,7.54,11.07,3.53,1.18,1.22,10.32,-1.05,1.36,21.2,6.4,9.31,0.3,0.7,0.62,11.46,25.4,153950283.07,2020,0.22,1.56,12.62,5.49,2.68,8.16,0.57
CPLE6,63.5,3.88,6.75,0.96,0.45,27.65,19.9,12.62,4.28,0.0,2.02,0.45,0.85,6.35,-0.57,1.53,14.21,6.72,10.77,0.47,0.53,0.53,3.14,9.08,118838760.5,2020,0.25,0.62,66.17,4.3,7.56,6.24,0.58
CRFB3,18.45,1.32,29.35,2.42,0.87,20.55,4.5,2.02,13.16,14.8,1.65,0.3,0.59,14.6,-1.57,1.16,8.24,2.97,8.56,0.36,0.64,1.47,10.32,12.5,148508182.43,2020,0.06,0.39,7.63,9.76,0.63,10.57,0.09
CSAN3,66.73,2.24,12.12,2.3,0.79,30.23,26.39,15.54,7.13,9.92,2.79,0.9,1.88,5.64,-1.11,1.97,19.0,6.54,12.15,0.34,0.66,0.42,10.73,31.02,122681605.97,2020,0.29,1.19,28.98,6.44,5.51,8.89,0.69
CSMG3,58.41,1.61,10.16,1.08,0.63,42.41,22.46,13.94,6.31,8.55,2.24,0.38,1.42,8.42,-0.77,1.76,10.62,6.22,8.94,0.59,0.41,0.45,4.54,18.85,59716743.87,2020,0.34,0.49,54.11,4.07,5.76,5.58,0.62
CSNA3,10.67,2.89,17.5,2.74,0.28,30.31,9.92,3.42,6.03,18.52,12.49,5.68,0.6,6.13,-0.39,1.2,15.65,1.6,3.34,0.1,0.9,0.47,9.54,0.0,153490399.57,2020,0.16,6.59,3.9,3.84,0.61,11.12,0.41
CVCB3,20.53,2.03,13.4,2.21,0.44,91.91,25.37,11.99,6.33,8.67,2.34,0.81,1.61,1.84,-1.61,1.49,16.48,3.3,14.69,0.2,0.8,0.28,21.43,18.82,122751038.33,2020,0.0,0.0,0.0,0.0,0.0,0.0,0.0
CYRE3,20.83,8.74,15.98,1.6,0.81,31.73,14.84,13.47,14.5,16.64,2.13,0.24,2.15,2.56,-1.78,2.38,10.0,5.06,6.33,0.51,0.49,0.38,-7.54,-8.46,163260451.23,2020,0.17,0.48,13.03,13.08,1.31,14.83,0.55
DIRR3,11.62,4.3,15.95,1.28,0.37,34.36,12.97,7.98,9.81,10.67,0.86,0.11,1.27,1.01,-0.71,4.24,8.04,2.32,6.41,0.29,0.71,0.29,-4.5,-12.25,14111313.47,2020,0.15,0.69,9.4,8.21,0.76,8.75,1.46
DMMO3,1.49,0.0,-3.18,-0.83,0.3,12.47,-19.75,-28.88,-4.65,-12.28,-7.63,0.0,0.92,-1.67,-0.36,0.48,26.22,-9.44,-28.54,-0.36,1.36,0.33,-15.03,0.0,14974425.93,2020,0.0,0.0,0.0,0.0,0.0,0.0,0.0
DTEX3,11.96,3.12,19.07,1.73,0.79,27.46,13.77,8.51,11.78,14.72,2.93,0.43,1.62,4.69,-1.22,1.92,9.08,4.14,7.46,0.46,0.54,0.49,4.69,0.61,38809752.2,2020,0.27,0.71,6.91,6.08,0.63,7.37,0.69
ECOR3,13.25,0.0,-39.92,16.26,0.64,38.05,20.13,-4.69,9.3,17.67,8.37,14.63,1.87,-4.4,-0.8,0.58,-40.73,-1.61,5.64,0.04,0.96,0.34,6.12,0.0,58678914.07,2020,0.0,0.0,0.0,0.0,0.0,0.0,0.0
EGIE3,42.9,3.56,15.15,5.0,1.16,42.34,43.81,23.57,8.15,10.69,2.54,1.56,3.57,45.69,-1.5,1.13,33.02,7.67,16.17,0.23,0.77,0.33,8.66,10.81,82032943.63,2020,0.0,0.0,0.0,0.0,0.0,0.0,0.0
ELET3,29.15,0.0,4.71,0.64,0.26,74.35,29.31,34.37,5.53,0.0,4.37,0.51,1.62,2.53,-0.34,1.74,13.57,5.43,5.75,0.4,0.6,0.16,-1.65,0.0,147254607.23,2020,0.36,0.72,52.88,3.82,7.17,7.37,0.63
EMBR3,8.62,0.0,-2.65,0.37,0.11,14.79,-5.02,-22.61,-11.93,-8.93,3.01,-0.09,0.6,0.59,-0.62,1.3,-14.1,-4.19,-9.24,0.3,0.7,0.19,-6.86,0.0,194627156.3,2020,-0.02,0.21,23.06,-38.39,-3.25,-27.16,0.14
ENAT3,10.17,11.24,11.2,0.87,0.56,31.44,18.28,20.2,12.38,4.93,-7.44,-0.52,2.26,1.59,-1.06,4.03,7.73,5.0,5.5,0.65,0.35,0.25,17.18,2.03,25904553.97,2020,0.42,0.08,11.75,5.43,0.91,2.14,3.33
ENBR3,17.76,3.29,7.49,1.03,0.4,19.25,15.16,9.26,4.57,7.12,2.54,0.57,0.69,6.73,-0.54,1.29,13.73,5.29,9.85,0.39,0.61,0.57,11.35,12.08,46339740.63,2020,0.19,0.81,17.32,3.56,2.38,5.62,0.45
ENEV3,40.98,0.0,19.93,1.81,0.93,39.62,29.84,18.74,12.52,16.31,3.8,0.55,3.73,10.46,-1.13,2.01,9.07,4.68,8.1,0.52,0.48,0.25,11.78,0.0,68647723.27,2020,0.45,0.77,22.69,8.23,2.06,10.8,1.32
ENGI11,48.21,1.24,17.85,2.49,0.42,16.21,11.86,4.92,7.41,13.87,6.47,2.17,0.88,9.43,-0.58,1.2,13.93,2.36,7.59,0.17,0.83,0.48,19.08,11.59,89098768.07,2020,0.18,2.71,19.39,4.97,2.7,9.34,0.41
EQTL3,21.43,0.0,7.97,2.22,0.58,30.48,22.92,14.45,5.03,7.57,2.55,1.12,1.15,4.11,-0.83,1.86,27.79,7.24,12.58,0.26,0.74,0.5,22.53,28.32,183866247.03,2020,0.0,0.0,0.0,0.0,0.0,0.0,0.0
ETER3,3.18,0.0,-50.07,-5.73,0.18,14.27,10.14,-0.42,2.08,4.41,2.33,0.0,0.21,-13.15,-0.33,0.97,11.45,-0.37,-8.02,-0.03,1.03,0.87,-12.96,0.0,1822798.23,2020,0.14,-7.24,-0.54,1.51,-0.06,3.18,0.04
EVEN3,9.16,1.55,14.62,1.0,0.39,25.06,8.35,7.23,12.67,15.56,2.9,0.23,1.06,0.84,-1.67,2.48,6.86,2.64,3.43,0.39,0.61,0.37,-2.81,-12.22,20492266.57,2020,0.09,0.74,8.93,11.95,0.62,14.78,0.64
EZTC3,37.84,0.78,24.37,2.21,1.97,41.32,28.16,38.84,33.61,28.65,-4.96,-0.33,9.46,4.66,-3.98,6.18,9.06,8.09,5.96,0.89,0.11,0.21,-3.3,-9.33,96004700.0,2020,0.29,0.0,17.13,33.68,1.56,27.79,3.57
FESA4,17.5,4.46,8.84,0.91,0.54,18.06,12.22,13.7,9.91,13.97,1.98,0.18,1.21,5.15,-0.75,1.64,10.35,6.16,5.56,0.6,0.4,0.45,9.09,19.29,7726512.07,2020,0.21,0.32,19.12,5.81,1.98,6.97,0.48
FHER3,3.45,0.0,0.28,5.92,0.12,6.62,-12.94,55.29,-1.22,-2.15,-0.93,4.54,0.16,0.72,-0.23,1.51,2081.32,41.34,-208.93,0.02,0.98,0.75,-27.63,141.43,627194.93,2020,-0.05,-0.82,-3.21,-2.7,10.05,-4.7,0.05
FLRY3,24.8,3.78,28.21,4.84,1.53,29.22,17.73,9.54,15.18,16.77,1.58,0.51,2.69,11.47,-2.1,1.94,17.16,5.41,13.14,0.32,0.68,0.57,11.59,29.49,59960169.5,2020,0.29,0.95,5.12,9.35,0.88,10.3,1.0
FRAS3,5.15,2.14,32.89,1.35,0.67,26.24,7.95,2.46,10.18,12.4,2.22,0.29,0.81,2.61,-1.19,2.46,4.11,2.05,5.42,0.5,0.5,0.83,12.3,-6.17,691091.43,2020,0.11,0.47,3.81,7.4,0.16,8.8,0.49
GBIO33,9.99,0.0,665.09,1.44,0.85,46.49,9.49,0.22,15.1,17.12,2.02,0.19,1.43,7.22,-1.56,1.36,0.22,0.13,3.97,0.59,0.41,0.6,12.83,-38.45,1371664.07,2020,0.0,0.0,0.0,0.0,0.0,0.0,0.0
GFSA3,4.8,0.0,81.74,0.65,0.23,34.98,8.11,1.87,18.85,30.2,11.35,0.39,1.53,0.8,-0.76,1.7,0.8,0.28,-0.25,0.35,0.65,0.15,-24.01,0.0,22805320.57,2020,0.11,0.8,7.35,13.06,0.06,21.7,0.35
GGBR4,13.62,1.03,23.76,0.8,0.39,9.76,6.87,2.54,8.78,13.66,5.27,0.48,0.6,2.24,-0.58,2.03,3.36,1.63,4.76,0.48,0.52,0.64,-1.4,-3.95,258413592.93,2020,0.12,0.68,17.05,5.35,0.57,7.79,0.59
GNDI3,62.86,0.27,78.87,5.8,2.84,27.5,11.04,5.3,37.9,37.95,0.06,0.01,4.18,-451.69,-3.6,0.97,7.36,3.61,8.32,0.49,0.51,0.68,0.0,0.0,232362050.73,2020,0.14,0.22,10.84,30.01,0.8,30.08,0.49
GOAU4,6.43,1.24,7.16,0.24,0.12,9.76,6.85,2.51,2.63,7.85,5.28,0.48,0.18,0.66,-0.17,2.04,3.32,1.61,4.74,0.48,0.52,0.64,-1.4,1.6,102276855.87,2020,0.12,0.68,27.02,1.58,0.9,4.4,0.59
GRND3,7.67,3.45,15.44,1.92,1.65,45.81,17.8,22.19,19.24,16.29,-2.95,-0.29,3.43,3.28,-4.37,5.14,12.45,10.66,8.44,0.86,0.14,0.48,-1.5,0.4,15052171.2,2020,0.22,0.09,3.99,15.62,0.5,13.27,2.72
GSHP3,50.85,0.0,-0.31,-0.32,0.05,67.92,86.47,-270.8,0.97,14.14,13.17,0.0,0.84,0.64,-0.07,1.58,103.58,-17.64,4.67,-0.17,1.17,0.07,-11.13,0.0,84188.38,2020,0.89,-5.46,-4.41,34.13,-4.55,46.9,1.26
GUAR3,15.9,3.39,15.39,1.53,0.66,63.04,9.2,6.6,11.05,13.25,2.2,0.31,1.02,2.82,-1.56,1.69,9.95,4.31,7.81,0.43,0.57,0.65,10.55,4.3,24531891.4,2020,0.12,0.56,10.38,8.32,1.04,9.78,0.33
HAPV3,60.67,0.55,55.58,6.07,3.52,38.76,16.62,12.56,42.0,42.17,0.17,0.02,6.98,54.77,-4.49,1.43,10.92,6.34,8.49,0.58,0.42,0.5,0.0,0.0,138029262.67,2020,0.21,0.28,9.99,33.74,1.09,33.84,0.98
HGTX3,14.47,3.74,13.59,1.67,1.23,43.23,8.94,11.96,18.19,15.84,-2.34,-0.22,1.63,2.75,-3.86,2.9,12.32,9.04,7.37,0.73,0.27,0.76,-1.59,-7.61,64130334.37,2020,0.14,0.13,8.64,11.59,1.06,10.23,1.08
HYPE3,32.95,3.37,19.27,2.37,1.72,65.56,25.03,29.01,22.34,22.09,-0.25,-0.03,5.59,6.62,-2.82,3.0,12.3,8.93,7.29,0.73,0.27,0.31,3.54,23.65,135921665.17,2020,0.28,0.23,13.9,19.41,1.71,19.58,1.43
IGTA3,35.6,0.6,23.17,2.09,1.07,64.95,64.32,36.85,13.28,16.72,3.44,0.54,8.54,9.34,-1.29,2.86,9.02,4.6,6.76,0.51,0.49,0.12,5.5,6.38,92013386.53,2020,0.78,0.84,17.03,10.76,1.54,13.71,2.5
IRBR3,10.42,2.04,5.53,2.1,0.57,19.25,13.78,26.66,10.7,10.7,0.0,0.0,1.47,-30.89,-1.58,0.97,38.0,10.27,0.0,0.27,0.73,0.39,17.19,24.0,434677127.57,2020,0.0,0.0,0.0,0.0,0.0,0.0,0.0
ITSA4,9.58,9.08,8.84,1.47,1.25,27.44,195.65,178.72,8.08,8.59,0.1,0.02,15.8,20.51,-1.39,2.58,16.57,14.16,16.32,0.85,0.15,0.08,-0.05,5.31,337212985.37,2020,2.09,0.08,6.54,7.7,1.08,7.63,1.44
JBSS3,21.48,2.52,-99.23,1.74,0.38,15.41,6.5,-0.27,4.16,8.21,4.05,1.7,0.27,2.35,-0.62,1.74,-1.76,-0.39,12.07,0.22,0.78,1.41,11.17,21.85,493983712.0,2020,0.09,2.25,12.31,2.87,-0.22,5.62,0.55
JHSF3,5.94,1.4,11.59,1.25,0.65,49.43,89.6,48.44,6.26,7.49,1.22,0.25,5.61,8.52,-0.76,2.09,10.83,5.6,11.02,0.52,0.48,0.12,1.62,49.95,45574825.67,2020,0.94,0.38,4.76,5.96,0.52,7.15,1.02
JPSA3,23.5,0.0,8.56,0.68,0.34,64.99,60.86,32.74,4.6,8.36,3.75,0.56,2.8,3.07,-0.42,2.7,7.99,4.01,6.19,0.5,0.5,0.12,5.51,0.0,10537548.93,2020,0.79,0.87,34.38,3.61,2.75,6.44,2.37
JSLG3,21.75,1.12,26.33,1.96,0.21,21.32,9.88,1.75,4.65,14.21,9.56,4.04,0.46,0.88,-0.38,2.13,7.45,0.8,5.12,0.11,0.89,0.46,11.83,34.48,24521965.37,2020,0.2,6.88,11.13,2.24,0.84,7.05,1.44
KLBN11,19.26,3.49,-9.34,6.09,0.62,34.29,25.31,-21.51,7.94,15.7,7.76,5.96,2.01,2.31,-0.96,3.93,-65.24,-6.6,2.52,0.1,0.9,0.31,15.98,-0.43,198775499.5,2020,0.36,8.07,3.16,5.52,-2.06,10.94,2.34
LAME4,31.98,0.57,86.75,6.85,1.53,36.15,10.61,3.07,25.12,27.18,3.59,0.98,2.66,5.46,-3.59,1.95,7.9,1.76,7.21,0.22,0.78,0.57,3.26,10.35,293327110.87,2020,0.16,2.49,4.71,16.51,0.37,19.21,1.15
LCAM3,15.86,2.83,23.46,2.04,0.75,26.65,15.59,6.9,10.38,15.19,4.81,0.94,1.62,11.7,-0.99,1.36,8.69,3.19,7.72,0.37,0.63,0.46,50.13,68.64,59480669.2,2020,0.26,1.24,7.78,6.32,0.68,9.19,0.6
LEVE3,19.09,3.34,11.5,1.84,0.87,25.56,12.68,8.6,7.8,8.68,0.88,0.21,0.99,4.52,-1.9,1.56,16.0,7.6,13.65,0.47,0.53,0.88,1.6,5.4,9569506.6,2020,0.17,0.57,10.37,5.93,1.67,6.62,0.5
LIGT3,15.7,0.0,3.59,0.71,0.19,25.03,8.88,10.15,4.1,10.88,6.78,1.17,0.36,3.46,-0.26,1.28,19.81,5.4,3.06,0.27,0.73,0.53,7.79,14.91,55262474.43,2020,0.13,1.4,22.09,2.68,4.38,7.2,0.31
LINX3,18.95,0.59,283.92,2.06,1.43,65.24,6.92,1.54,63.24,55.7,-7.54,-0.25,4.38,5.45,-2.45,2.72,0.72,0.5,1.81,0.7,0.3,0.33,16.4,-10.47,44695432.67,2020,0.19,0.18,9.21,22.94,0.07,20.56,1.92
LOGG3,28.62,0.74,29.91,0.99,0.73,98.37,137.67,74.03,16.08,18.23,2.15,0.13,22.14,4.44,-0.91,4.98,3.3,2.43,3.53,0.74,0.26,0.03,13.5,-19.27,11707581.87,2020,1.45,0.29,29.01,15.4,0.96,17.33,2.91
LOGN3,14.86,0.0,-14.42,7.68,0.82,17.06,14.56,-10.02,9.93,14.69,4.77,3.69,1.45,3.19,-1.48,2.32,-53.29,-5.66,9.49,0.11,0.89,0.57,1.55,0.0,21000103.73,2020,0.24,6.57,1.95,5.83,-1.03,8.83,1.57
LREN3,42.49,0.77,35.66,7.21,2.88,61.47,14.94,9.92,23.66,24.2,0.54,0.16,3.54,18.83,-6.57,1.37,20.22,8.07,15.12,0.4,0.6,0.81,12.95,18.45,446784538.63,2020,0.23,0.54,5.89,15.34,1.19,15.75,0.36
LUPA3,1.8,0.0,-0.64,0.6,0.09,-11.85,-202.54,-533.34,-1.68,-7.79,-6.1,2.16,3.41,0.35,-0.15,2.91,-93.19,-13.87,-12.23,0.15,0.85,0.03,-38.92,0.0,1516829.57,2020,-1.62,2.2,3.33,-1.92,-3.06,-9.67,0.03
LWSA3,31.79,0.0,276.84,6.27,3.66,41.29,10.8,3.54,90.81,82.61,-8.21,-0.57,9.81,8.36,-11.91,2.73,2.27,1.32,4.56,0.58,0.42,0.37,0.0,0.0,26861998.3,2020,0.16,0.31,6.92,44.65,0.17,38.81,2.02
MDIA3,38.75,0.65,20.62,2.14,1.48,36.32,10.07,9.92,20.31,21.48,1.17,0.12,2.05,10.15,-2.27,1.73,10.39,7.19,7.88,0.69,0.31,0.73,5.91,-1.46,43918659.17,2020,0.14,0.26,18.08,14.61,1.88,15.64,0.46
MDNE3,7.16,0.0,-4.32,0.56,0.27,31.71,8.38,-45.97,23.69,28.0,4.31,0.1,1.98,0.81,-0.6,2.64,-13.08,-6.35,1.26,0.49,0.51,0.14,-13.69,0.0,3516172.47,2020,0.09,0.21,40.21,6.63,-5.23,10.49,0.26
MEAL3,3.82,0.0,-13.87,0.61,0.27,30.47,0.47,-3.36,99.18,135.85,36.67,0.22,0.47,-2.12,-0.33,0.59,-4.39,-1.94,0.29,0.44,0.56,0.58,29.56,0.0,35182232.33,2020,0.0,0.45,6.28,162.22,-0.27,227.01,0.32
MGLU3,65.81,0.17,130.31,14.2,6.04,27.72,5.55,3.95,92.58,91.05,-1.53,-0.23,5.14,22.86,-15.02,1.79,10.9,4.63,10.58,0.43,0.57,1.17,15.25,48.29,888233510.47,2020,0.08,0.11,4.63,62.5,0.51,61.43,0.44
MILS3,5.27,0.0,-36.07,1.2,0.91,38.14,-6.09,-7.44,-44.06,-43.9,0.16,0.0,2.68,5.11,-1.28,2.51,-3.33,-2.51,-2.77,0.75,0.25,0.34,-11.16,0.0,11621691.47,2020,0.28,0.22,4.38,9.2,-0.14,9.44,1.44
MOVI3,13.01,2.85,54.42,1.78,0.53,24.28,5.98,1.77,16.12,25.33,9.2,1.02,0.96,-12.73,-0.74,0.87,3.28,0.98,4.11,0.3,0.7,0.55,133.51,116.71,45675039.93,2020,0.14,1.5,7.29,6.59,0.24,10.58,0.45
MRFG3,12.73,0.0,6.43,15.8,0.26,13.67,7.5,2.7,2.31,7.42,5.1,34.86,0.17,4.8,-0.44,1.15,245.71,4.04,12.66,0.02,0.98,1.5,26.24,0.0,196728494.9,2020,0.1,48.16,0.8,1.82,1.98,5.67,0.62
MRVE3,17.04,4.34,12.13,1.44,0.51,29.46,11.04,11.18,12.28,16.93,4.65,0.55,1.36,1.75,-0.99,2.49,11.88,4.19,5.5,0.35,0.65,0.37,7.66,-0.09,78835885.27,2020,0.12,0.72,12.83,10.07,1.52,14.39,0.31
MTRE3,13.9,0.0,72.73,1.53,1.18,30.91,10.23,6.46,45.89,20.27,-25.63,-0.85,4.7,1.56,-11.25,6.39,2.1,1.62,2.55,0.77,0.23,0.25,0.0,0.0,7745950.8,2020,0.1,0.08,17.11,25.57,0.39,-1.3,5.18
MTSA4,16.8,2.38,11.27,0.64,0.46,23.81,7.8,4.63,6.68,9.06,-0.96,-0.09,0.52,0.96,-1.72,2.91,5.65,4.09,6.57,0.72,0.28,0.88,4.06,-2.01,165908.9,2020,0.11,0.23,26.38,4.76,1.64,3.9,0.94
MULT3,21.84,2.15,23.62,2.26,1.26,79.75,61.35,41.97,16.16,18.87,2.72,0.38,9.91,35.31,-1.47,1.33,9.56,5.34,7.54,0.56,0.44,0.13,3.23,4.98,158040168.53,2020,0.79,0.58,9.67,12.43,0.93,14.66,1.02
MYPK3,13.9,6.11,5.76,0.51,0.18,10.96,6.32,3.79,3.46,8.58,5.12,0.76,0.22,2.57,-0.3,1.23,8.86,3.16,6.04,0.36,0.64,0.83,11.12,28.99,28356653.1,2020,0.11,1.03,27.22,2.01,2.42,5.0,0.31
NEOE3,19.1,2.4,9.67,1.15,0.4,23.27,15.65,8.48,5.24,10.14,4.9,1.07,0.82,5.5,-0.54,1.39,11.86,4.12,8.1,0.35,0.65,0.49,18.25,24.34,60677226.07,2020,0.2,1.3,16.66,4.03,1.92,7.9,0.42
NTCO3,40.4,0.32,-70.32,2.37,0.86,67.96,3.49,-3.59,72.33,94.57,22.24,0.73,2.52,20.64,-1.14,1.2,-3.37,-1.22,1.08,0.36,0.64,0.34,14.29,-26.83,286194983.37,2020,0.15,1.92,5.5,16.23,0.44,19.16,0.51
ODPV3,13.81,2.31,28.01,6.21,3.93,53.07,19.67,14.47,20.6,18.76,-1.84,-0.56,4.05,18.45,-7.77,1.76,22.18,14.02,20.78,0.63,0.37,0.97,9.37,7.87,26138947.1,2020,0.21,0.0,2.22,19.43,0.5,17.68,1.25
OFSA3,29.75,0.06,32.4,3.27,1.73,49.17,11.97,7.73,20.93,23.77,2.84,0.44,2.51,8.07,-3.56,1.72,10.09,5.34,7.34,0.53,0.47,0.69,13.61,3.92,666053.83,2020,0.16,0.7,9.08,15.85,0.95,17.85,0.45
OIBR3,0.98,0.0,-0.64,0.33,0.08,23.94,-14.79,-45.17,-1.96,-7.34,-5.36,0.9,0.29,0.95,-0.11,1.52,-51.11,-12.65,-8.29,0.25,0.75,0.28,-6.55,0.0,131778046.7,2020,-0.04,2.11,1.95,-7.42,-2.69,-32.13,0.54
OMGE3,33.2,0.27,1156.04,2.01,0.73,36.7,40.66,0.48,13.77,22.94,9.18,1.34,5.6,9.59,-0.84,2.46,0.17,0.06,5.09,0.36,0.64,0.13,54.71,4.35,24409993.97,2020,0.58,1.59,17.03,9.97,-0.16,16.71,1.75
PARD3,22.25,1.42,20.08,4.11,1.76,29.33,16.31,10.94,13.47,14.0,0.53,0.16,2.2,18.41,-2.56,1.45,20.45,8.77,18.71,0.43,0.57,0.8,14.21,13.42,8183647.8,2020,0.23,0.33,5.41,9.33,1.11,9.83,0.33
PCAR3,64.8,1.1,34.19,1.25,0.29,21.29,2.84,0.8,9.63,16.09,6.46,0.84,0.27,-9.75,-0.45,0.92,3.65,0.85,4.98,0.23,0.77,1.07,-2.84,-12.0,135414236.23,2020,0.06,1.28,51.9,4.87,1.9,8.07,0.27
PDGR3,4.89,0.0,-0.05,-0.01,0.02,14.27,-178.95,-385.86,-0.1,-4.17,-4.07,0.0,0.18,-0.02,-0.09,0.38,16.5,-45.19,11.96,-2.74,3.74,0.12,-41.16,0.0,367630.3,2020,-1.77,-0.33,-632.16,-0.1,-104.14,-4.2,0.03
PETR4,20.71,3.98,-20.79,1.15,0.28,42.76,7.3,-4.36,12.42,30.13,17.48,1.62,0.91,9.4,-0.33,1.21,-5.53,-1.34,2.74,0.24,0.76,0.31,-2.17,0.0,1688465838.27,2020,0.28,1.97,18.01,3.4,-1.0,7.93,0.62
PFRM3,5.22,0.0,30.38,0.64,0.18,14.9,1.42,0.42,8.93,17.66,8.73,0.63,0.13,1.3,-0.57,1.25,2.12,0.59,3.28,0.28,0.72,1.42,6.84,0.0,3653974.83,2020,0.02,0.9,8.12,6.09,0.19,11.88,0.14
PMAM3,13.5,0.0,-1.05,9.22,0.14,0.24,1.67,-11.58,7.33,40.9,33.57,42.23,0.12,-0.3,-0.26,0.48,-874.44,-13.66,-5.02,0.02,0.98,1.18,2.0,0.0,3248619.4,2020,0.05,44.49,1.45,2.5,-12.76,14.2,0.03
PNVL3,24.0,0.7,41.74,6.09,2.05,29.58,4.45,2.8,26.27,29.52,3.88,0.9,1.17,9.16,-5.21,1.58,14.58,4.9,10.2,0.34,0.66,1.75,7.62,9.23,1998642.8,2020,0.05,1.16,3.94,25.91,0.58,29.45,0.23
POMO4,2.97,4.48,14.37,1.14,0.5,15.28,6.66,4.52,9.74,13.36,3.74,0.44,0.65,2.32,-1.04,1.71,7.93,3.49,6.05,0.44,0.56,0.77,4.88,-1.1,38894910.23,2020,0.08,0.81,2.61,7.79,0.21,10.86,0.54
POSI3,5.2,0.62,24.73,0.83,0.31,23.47,4.09,1.54,9.33,13.23,3.9,0.35,0.38,1.18,-1.47,1.49,3.37,1.24,4.16,0.37,0.63,0.81,-3.86,-2.17,26693754.5,2020,0.06,0.87,10.08,4.28,0.35,7.11,0.37
PRIO3,33.5,0.0,6.6,2.06,0.73,36.29,59.34,42.48,4.73,7.37,2.64,1.15,2.8,-7.44,-0.97,0.72,31.16,10.99,17.63,0.35,0.65,0.26,27.56,0.0,123143258.8,2020,0.92,1.33,16.45,2.95,5.14,4.71,0.18
PSSA3,50.55,4.62,12.49,2.03,0.5,100.0,6.31,7.18,14.22,4.78,-9.44,-1.34,0.9,3.35,-1.68,1.27,16.21,3.97,6.71,0.24,0.76,0.55,4.76,9.5,44545955.53,2020,0.08,0.0,24.96,11.78,4.05,4.1,0.59
PTBL3,3.89,1.02,12.0,1.66,0.3,33.25,9.31,4.47,5.76,10.62,4.86,1.4,0.54,3.09,-0.57,1.26,13.84,2.52,8.46,0.18,0.82,0.56,3.26,-32.43,6176585.1,2020,0.13,2.28,2.34,4.14,0.33,7.64,0.43
QUAL3,25.8,16.06,19.99,4.87,2.1,81.37,28.04,17.98,12.82,14.04,1.23,0.47,3.59,12.65,-3.07,2.12,24.35,10.52,14.81,0.43,0.57,0.59,6.05,22.49,95646118.53,2020,0.47,0.87,5.3,7.74,1.3,8.42,1.18
RADL3,109.0,0.62,43.79,8.66,2.76,29.51,6.49,4.43,29.91,30.64,0.73,0.21,1.94,19.19,-5.41,1.42,19.78,6.31,21.11,0.32,0.68,1.42,18.9,28.93,197399712.3,2020,0.12,0.34,12.58,15.88,2.49,16.17,0.12
RAIL3,23.53,0.0,75.6,4.39,1.04,34.17,27.52,7.06,19.39,25.55,6.16,1.4,5.33,23.73,-1.2,1.47,5.81,1.37,8.15,0.24,0.76,0.19,14.09,0.0,193737797.9,2020,0.46,1.78,5.36,11.61,0.31,15.19,0.96
RAPT4,9.57,2.83,12.41,1.48,0.52,24.23,9.69,5.2,6.66,8.53,2.24,0.5,0.65,1.42,-1.26,2.65,11.9,4.18,7.09,0.35,0.65,0.8,6.15,4.06,41180498.07,2020,0.12,1.27,6.48,5.45,0.77,7.32,1.23
RCSL4,1.57,0.0,-36.37,-1.74,3131.14,23.59,2.25,-16.54,267.51,293.61,-0.17,0.0,6.02,-9.77,-5.0,0.54,4.8,-8608.85,-0.65,-1795.0,2795.0,520.4,55.45,0.0,2417505.73,2020,0.0,0.0,-0.9,0.0,-0.04,0.0,0.0
RDNI3,7.95,0.11,276.61,0.56,0.24,26.29,2.66,0.39,40.89,83.91,43.02,0.59,1.09,1.04,-0.38,2.43,0.2,0.09,-0.03,0.42,0.58,0.22,-14.86,-56.14,183278.37,2020,0.03,0.67,14.05,44.12,0.14,88.54,0.2
REDE3,10.05,2.27,25.8,4.4,1.06,20.28,14.07,7.42,13.61,18.09,4.48,1.45,1.91,14.05,-1.5,1.35,17.05,4.11,9.71,0.24,0.76,0.55,17.93,-10.54,11929.7,2020,0.2,1.84,2.34,9.47,0.4,12.6,0.43
RENT3,40.96,0.97,36.38,5.72,1.51,25.2,14.66,8.1,20.1,24.74,4.64,1.32,2.95,18.83,-2.03,1.45,15.73,4.14,7.8,0.26,0.74,0.51,21.24,15.22,377935774.47,2020,0.22,2.04,7.16,13.15,1.13,16.49,1.06
RLOG3,19.07,0.0,18.58,1.06,0.25,34.17,27.37,6.91,4.69,10.89,6.2,1.4,1.28,5.72,-0.29,1.47,5.69,1.34,8.11,0.24,0.76,0.19,50.58,42.36,11337721.73,2020,0.27,1.78,18.02,4.9,1.03,11.0,0.96
ROMI3,12.0,9.58,9.04,0.95,0.49,28.79,6.51,10.29,14.3,19.7,5.41,0.36,0.93,2.09,-1.14,1.7,10.48,5.41,3.87,0.52,0.48,0.53,3.37,76.1,2723393.53,2020,0.11,0.57,12.65,9.51,1.32,12.01,0.33
RSID3,5.12,0.0,-0.17,-0.14,0.04,-58.85,-865.5,-1168.96,-0.22,-3.78,-3.55,0.0,1.93,-0.08,-0.07,0.42,83.29,-27.04,-48.8,-0.32,1.32,0.02,-48.12,0.0,750870.53,2020,-6.31,-2.29,-37.25,-0.3,-17.55,-5.13,0.03
SAPR11,30.7,3.61,8.3,1.44,0.74,61.18,34.87,22.97,5.46,7.03,1.57,0.41,1.91,23.81,-0.85,1.3,17.4,8.9,13.22,0.51,0.49,0.39,12.53,20.7,58281432.13,2020,0.42,0.54,21.27,4.56,3.71,5.86,0.62
SBSP3,55.48,2.48,18.39,1.81,0.81,43.67,30.71,11.36,6.8,9.0,2.19,0.58,2.09,-21.16,-0.91,0.74,9.83,4.39,13.86,0.45,0.55,0.39,9.91,30.11,217999550.57,2020,0.41,0.69,30.69,5.03,3.02,6.71,0.33
SCAR3,34.44,1.06,21.67,1.33,0.66,74.69,57.17,24.09,9.13,14.27,5.14,0.75,5.22,7.17,-0.78,2.44,6.13,3.04,6.61,0.5,0.5,0.13,4.05,-6.45,624938.0,2020,0.69,0.98,25.93,7.84,1.61,11.83,1.84
SEER3,15.87,1.9,21.05,1.54,0.82,53.34,17.57,7.58,9.08,8.89,-0.19,-0.03,1.6,8.7,-1.06,1.72,7.32,3.91,15.32,0.53,0.47,0.52,12.6,-8.61,16280173.97,2020,0.29,0.1,10.29,5.41,0.76,5.36,0.56
SHOW3,2.7,0.0,-3.53,0.67,0.28,14.11,-12.65,-16.88,-4.72,-3.19,1.52,-0.22,0.6,1.47,-0.65,1.49,-18.85,-7.87,-9.51,0.42,0.58,0.47,-6.57,0.0,2468085.97,2020,0.0,0.6,4.04,0.0,-0.76,0.0,0.88
SHUL4,10.8,1.42,10.24,1.5,0.61,22.22,9.32,8.91,9.79,7.94,2.33,0.36,0.91,1.71,-1.69,2.24,14.63,5.92,6.36,0.4,0.6,0.66,7.65,12.44,2441440.87,2020,0.12,1.05,7.2,7.32,1.06,9.14,0.98
SLCE3,22.7,1.74,12.02,1.49,0.59,26.82,19.66,11.24,6.87,9.3,2.43,0.53,1.35,4.24,-1.08,1.45,12.42,4.95,9.79,0.4,0.6,0.44,15.19,35.04,42405511.77,2020,0.23,0.79,15.21,5.85,1.89,7.97,0.34
SMLS3,16.97,1.59,3.36,1.67,0.69,93.01,72.86,59.62,2.75,1.24,-1.51,-0.92,2.0,2.23,-2.88,1.7,49.66,20.65,39.69,0.42,0.58,0.35,0.0,0.0,38752474.4,2020,0.72,0.0,10.16,2.88,4.36,1.32,0.85
SQIA3,19.38,0.0,-761.69,3.23,2.25,33.16,-0.45,-0.97,-1657.26,-1342.97,314.29,-0.61,7.38,4.23,-5.95,6.81,-0.42,-0.29,-0.61,0.7,0.3,0.3,19.79,0.0,18285488.03,2020,0.09,0.19,6.0,82.32,-0.01,67.96,6.18
STBP3,5.51,0.32,329.28,2.75,1.15,26.15,9.2,1.16,41.4,42.11,0.71,0.05,3.81,12.33,-1.39,2.22,0.84,0.35,4.6,0.42,0.58,0.3,-0.62,-30.01,23387018.93,2020,0.23,0.33,2.0,16.09,0.02,16.51,1.51
SULA11,43.85,1.47,16.65,2.44,0.62,12.15,3.61,4.7,21.71,4.08,-17.63,-1.98,0.78,1.85,-2.07,1.93,14.65,3.74,5.94,0.26,0.74,0.8,9.98,16.0,153984681.57,2020,0.04,0.32,17.97,18.13,2.63,3.4,1.62
SUZB3,38.53,0.0,-3.5,11.24,0.5,23.65,13.89,-54.97,13.83,31.29,17.46,14.2,1.92,11.95,-0.61,1.29,-321.65,-14.23,-5.77,0.04,0.96,0.26,29.06,0.0,465538189.57,2020,0.46,16.25,3.43,4.12,-11.02,9.41,0.63
TAEE11,28.41,8.18,8.11,1.85,0.79,66.77,80.74,56.32,5.66,8.94,3.29,1.07,4.57,4.47,-1.07,3.1,22.75,9.77,13.71,0.43,0.57,0.17,3.71,2.07,74060279.67,2020,0.81,1.11,15.4,5.64,3.5,8.91,0.2
TCSA3,10.7,0.0,-2.46,0.89,0.49,-5.14,-92.62,-107.43,-2.86,-3.21,-0.36,0.11,2.65,3.28,-0.75,1.73,-36.01,-19.76,-23.55,0.55,0.45,0.18,-25.67,0.0,21271461.83,2020,-0.66,0.34,12.05,-3.82,-3.46,-4.23,0.63
TEND3,27.37,1.23,12.34,2.08,0.8,32.48,13.42,11.83,10.87,10.37,-0.5,-0.1,1.46,1.62,-3.2,2.93,16.88,6.48,9.82,0.38,0.62,0.55,27.88,0.0,35390411.2,2020,0.15,0.68,13.14,9.76,2.22,9.18,1.16
TGMA3,21.98,7.23,7.77,2.44,1.5,21.28,17.34,14.03,6.29,6.78,0.49,0.19,1.09,7.21,-2.67,1.9,31.36,19.25,19.67,0.61,0.39,1.37,-1.32,0.0,22359230.73,2020,0.19,0.4,9.01,5.58,2.83,6.1,0.56
TIET11,13.91,4.97,17.71,3.64,0.69,33.95,37.62,15.34,7.22,10.95,3.72,1.88,2.72,-40.43,-0.89,0.93,20.53,3.88,12.04,0.19,0.81,0.25,-8.55,7.42,23863291.53,2020,0.53,2.79,3.82,5.22,0.78,7.75,0.69
TIMP3,14.4,2.86,9.52,1.54,0.88,57.26,26.33,21.06,7.61,7.79,0.18,0.04,2.0,28.35,-1.08,1.21,16.22,9.28,14.51,0.57,0.43,0.44,-2.28,18.52,110155948.23,2020,0.56,0.11,9.33,3.63,1.51,3.63,0.27
TOTS3,21.15,0.87,47.0,4.84,3.39,67.94,14.46,11.21,36.43,33.7,-2.74,-0.36,5.27,10.53,-7.0,2.66,10.29,7.21,8.67,0.7,0.3,0.64,5.18,-4.33,110803335.17,2020,0.21,0.18,4.37,25.24,0.45,23.38,1.95
TPIS3,1.26,0.0,-1.19,0.3,0.06,11.06,-4.85,-18.14,-4.46,-41.22,-36.76,2.5,0.22,-0.25,-0.06,0.22,-25.44,-5.05,-5.29,0.2,0.8,0.28,-10.51,0.0,890192.3,2020,-0.05,2.66,4.15,-4.84,-1.06,-44.37,0.1
TRIS3,10.5,3.06,12.59,1.74,1.05,36.88,21.73,19.73,11.43,10.84,-0.59,-0.09,2.48,2.0,-4.46,3.18,13.81,8.33,10.83,0.6,0.4,0.42,16.63,31.43,18807766.3,2020,0.22,0.27,6.03,11.37,0.83,10.7,0.9
TRPL4,20.16,8.62,7.26,1.04,0.64,69.74,70.49,54.17,5.58,7.0,0.93,0.17,3.93,6.44,-0.78,2.21,14.38,8.83,12.4,0.61,0.39,0.16,24.55,36.2,39825027.23,2020,0.71,0.27,19.31,5.56,2.78,6.47,0.74
UCAS3,3.8,11.66,16.85,1.57,1.22,39.56,11.07,10.22,15.57,13.02,-2.54,-0.26,1.72,3.71,-2.47,2.82,9.3,7.22,6.49,0.78,0.22,0.71,-9.32,0.0,675247.07,2020,0.16,0.0,2.42,10.87,0.23,9.0,1.11
UGPA3,17.83,2.47,60.38,2.09,0.6,6.76,1.5,0.37,14.7,24.1,9.4,1.34,0.22,2.05,-1.11,2.78,3.47,1.0,3.57,0.29,0.71,2.72,5.68,-20.28,147169913.13,2020,0.02,1.96,8.54,8.75,0.3,14.73,1.09
UNIP6,24.25,3.57,108.8,1.7,0.6,26.07,10.56,0.71,7.29,0.0,0.87,0.2,0.77,7.01,-0.91,1.34,1.57,0.55,11.97,0.35,0.65,0.78,31.46,21.32,3608504.4,2020,0.17,0.55,13.68,4.92,0.23,5.36,0.48
USIM5,6.39,0.86,-64.8,0.51,0.3,12.42,6.63,-0.81,7.93,0.0,3.52,0.23,0.53,1.21,-0.46,3.26,-0.79,-0.46,4.23,0.58,0.42,0.56,4.95,12.56,162138316.63,2020,0.13,0.38,12.47,4.09,-0.1,5.73,0.81
VALE3,54.0,2.62,-188.55,1.65,0.65,42.73,11.19,-1.02,17.13,19.3,2.18,0.21,1.92,6.56,-0.85,1.72,-0.88,-0.34,4.99,0.39,0.61,0.34,12.46,0.0,1590218010.37,2020,0.24,0.56,32.72,8.34,-0.29,9.15,1.02
VIVA3,20.0,0.85,17.06,4.26,2.58,70.18,33.57,28.98,14.72,14.18,-0.54,-0.16,4.94,5.84,-7.66,3.0,24.98,15.14,22.53,0.61,0.39,0.52,0.0,0.0,38229695.77,2020,0.37,0.27,4.69,16.81,0.9,16.07,1.17
VIVR3,1.73,0.0,-0.37,-0.56,0.16,25.79,125.5,163.73,-0.49,-1.65,-1.16,0.0,0.0,-0.32,-0.26,0.44,149.67,-43.41,-307.04,-0.29,1.29,-0.27,0.0,0.0,1044019.93,2020,1.23,-1.38,-3.09,-0.49,-4.62,-1.67,0.01
VIVT4,48.44,6.22,17.02,1.15,0.75,49.7,16.33,10.91,11.37,12.46,1.1,0.11,1.86,41.46,-0.92,1.1,6.76,4.38,6.78,0.65,0.35,0.4,4.81,0.26,150362516.53,2020,0.41,0.19,42.11,4.58,2.85,4.92,0.29
VLID3,11.22,6.24,19.65,0.63,0.28,21.29,6.31,1.99,6.19,12.3,6.11,0.63,0.39,1.69,-0.48,1.67,3.23,1.43,4.81,0.44,0.56,0.72,9.15,-13.37,11332930.67,2020,0.11,0.89,17.66,3.43,0.59,6.92,0.47
VULC3,5.1,0.0,9.96,1.14,0.91,34.41,9.14,9.69,10.55,10.07,-0.48,-0.05,0.97,1.92,-2.24,4.78,11.4,9.1,9.76,0.8,0.2,0.94,5.57,0.0,6022544.17,2020,0.14,0.06,4.49,6.87,0.51,6.54,0.7
VVAR3,15.7,0.0,-14.81,31.84,0.85,29.39,-3.69,-5.37,-21.58,0.0,-3.78,5.58,0.8,-5.83,-1.71,0.77,-214.98,-5.76,-24.2,0.03,0.97,1.07,2.5,0.0,1387518919.03,2020,0.0,8.9,0.49,-469.93,-1.06,-568.38,0.14
WEGE3,44.34,0.92,52.33,9.42,5.36,29.68,14.15,12.59,46.54,46.32,-0.22,-0.04,6.59,16.47,-13.74,2.14,17.99,10.24,14.47,0.57,0.43,0.81,11.23,11.15,214665372.23,2020,0.17,0.25,4.71,38.98,0.85,38.29,0.59
WIZS3,11.16,5.99,8.18,7.19,2.72,72.14,52.11,31.28,4.91,4.62,-0.29,-0.42,2.56,-20.94,-3.91,0.7,87.8,33.25,92.92,0.38,0.62,1.06,19.97,21.33,11146933.3,2020,0.0,0.0,1.55,0.0,1.38,0.0,0.37
WSON33,29.48,3.86,33.6,0.92,0.39,44.15,17.95,3.85,7.21,14.03,6.82,0.87,1.29,6.78,-0.47,1.55,2.74,1.17,4.04,0.43,0.57,0.3,1.52,4.05,1756442.03,2020,0.32,1.09,32.18,4.15,0.91,7.97,0.88
YDUQ3,32.8,1.55,17.69,3.1,1.33,57.55,24.01,16.12,11.88,12.99,1.11,0.29,2.85,4.31,-2.36,3.41,17.5,7.51,12.43,0.43,0.57,0.47,8.38,12.26,128947298.83,2020,0.34,1.07,10.6,8.14,1.86,9.15,2.6
