TICKER;PRECO;DY;P/L;P/VP;P/ATIVOS;MARGEM BRUTA;MARGEM EBIT;MARG. LIQUIDA;P/EBIT;EV/EBIT;DIVIDA LIQUIDA / EBIT;DIV. LIQ. / PATRI.;PSR;P/CAP. GIRO;P. AT CIR. LIQ.;LIQ. CORRENTE;ROE;ROA;ROIC;PATRIMONIO / ATIVOS;PASSIVOS / ATIVOS;GIRO ATIVOS;CAGR RECEITAS 5 ANOS;CAGR LUCROS 5 ANOS; LIQUIDEZ MEDIA DIARIA
AALR3;10,89;0,80;69,45;0,99;0,49;24,40;10,06;1,77;12,23;17,61;5,39;0,44;1,23;-91,02;-0,64;0,98;1,43;0,71;4,36;0,49;0,51;0,40;22,24;;9.190.647,37
ABCB4;14,74;7,12;6,57;0,80;0,07;4,20;2,22;8,62;25,47;25,47;;;0,57;110,69;-0,23;1,00;12,10;1,00;;0,08;0,92;0,12;5,50;8,66;12.310.552,40
ABEV3;13,46;3,64;19,89;2,94;1,86;57,74;28,59;20,26;14,09;13,44;-0,65;-0,14;4,03;36,09;-2,56;1,23;14,77;9,37;19,35;0,63;0,37;0,46;6,67;-0,28;395.449.207,87
ADHM3;2,49;;-3,03;-0,95;77,81;100,00;-13.548,48;-18.860,61;-4,21;-4,21;0,00;;570,63;-1,06;-85,99;0,00;31,47;-2.571,90;22,61;-81,72;82,72;0,14;;;192.560,50
AFLT3;9,95;1,06;25,38;2,85;2,72;64,59;63,12;63,86;25,68;23,36;-2,32;-0,26;16,21;8,07;-4,20;23,21;11,23;10,71;10,08;0,95;0,05;0,17;2,20;11,01;78.720,17
AGRO3;19,95;4,66;10,11;1,12;0,64;30,53;22,22;18,67;8,49;12,23;3,74;0,49;1,89;4,54;-0,90;1,96;11,11;6,34;7,68;0,57;0,43;0,34;29,55;;3.625.998,53
AHEB3;25,00;;-8,41;9,85;0,80;28,11;-15,63;-16,95;-9,12;;1,10;-1,19;1,43;-12,05;-0,97;0,73;-117,08;-9,47;-108,02;0,08;0,92;0,56;-10,10;;14.402,80
AHEB5;25,00;;-8,41;9,85;0,80;28,11;-15,63;-16,95;-9,12;;1,10;-1,19;1,43;-12,05;-0,97;0,73;-117,08;-9,47;-108,02;0,08;0,92;0,56;-10,10;;2.892,33
AHEB6;30,99;;-10,43;12,21;0,99;28,11;-15,63;-16,95;-11,30;;1,10;-1,19;1,77;-14,94;-1,21;0,73;-117,08;-9,47;-108,02;0,08;0,92;0,56;-10,10;;14.330,50
ALPA3;22,88;0,22;56,26;4,70;2,56;51,19;8,15;6,80;46,90;50,98;-1,11;-0,11;3,82;9,95;-6,17;1,79;8,35;4,55;6,00;0,55;0,45;0,67;1,55;-1,97;39.088,86
ALPA4;28,08;0,20;69,05;5,77;3,14;51,19;8,15;6,80;57,56;50,98;-1,11;-0,11;4,69;12,21;-7,58;1,79;8,35;4,55;6,00;0,55;0,45;0,67;1,55;-1,97;59.103.410,47
ALPK3;9,40;;;3,13;0,75;;;;;;;2,46;;-7,35;-0,84;0,50;0,00;0,00;;0,24;0,76;0,00;;;6.210.727,57
ALSC3;27,75;;36,58;2,15;1,20;75,71;65,32;29,30;16,41;14,85;-1,56;-0,20;10,72;9,41;-1,43;5,39;5,88;3,29;11,21;0,56;0,44;0,11;2,54;10,07;
ALSO3;29,20;;61,62;1,02;0,71;71,07;39,35;14,34;22,46;18,20;-4,26;-0,19;8,84;5,05;-0,84;9,03;1,65;1,15;3,72;0,70;0,30;0,08;18,45;-27,08;70.559.096,27
ALUP11;23,89;1,38;5,10;0,90;0,35;49,37;47,57;29,42;3,16;5,51;2,35;0,67;1,50;2,40;-0,47;2,43;17,54;6,89;10,14;0,39;0,61;0,23;25,59;16,91;18.324.520,97
ALUP3;9,65;1,14;6,18;1,08;0,43;49,37;47,57;29,42;3,82;5,51;2,35;0,67;1,82;2,91;-0,57;2,43;17,54;6,89;10,14;0,39;0,61;0,23;25,59;16,91;235.589,77
ALUP4;7,15;1,54;4,58;0,80;0,32;49,37;47,57;29,42;2,83;5,51;2,35;0,67;1,35;2,15;-0,42;2,43;17,54;6,89;10,14;0,39;0,61;0,23;25,59;16,91;167.118,87
AMAR3;8,53;;-12,50;1,69;0,65;45,06;-0,34;-6,27;-231,42;-335,21;-103,79;0,76;0,78;2,78;-1,43;1,76;-13,49;-5,23;-1,33;0,39;0,61;0,83;-2,93;;66.609.408,43
ANDG3B;153,00;;318,25;11,82;10,00;47,12;179,06;45,82;81,43;41,65;0,93;0,13;145,82;-134,40;-10,27;0,26;3,71;3,14;12,68;0,85;0,15;0,07;10,22;-23,32;
ANDG4B;0,00;;0,00;0,00;0,00;47,12;179,06;45,82;0,00;41,65;0,93;0,13;0,00;0,00;0,00;0,26;3,71;3,14;12,68;0,85;0,15;0,07;10,22;-23,32;
ANIM3;23,32;;-38,95;1,56;0,77;44,54;5,91;-5,37;35,40;39,39;3,99;0,18;2,09;2,74;-1,25;3,81;-4,00;-1,98;2,39;0,50;0,50;0,37;11,24;;12.061.464,03
APER3;23,97;0,22;-124,18;1,56;1,05;100,00;-2,57;-2,36;-113,85;-81,07;32,78;-0,45;2,93;4,32;-1,72;2,61;-1,26;-0,84;-1,38;0,67;0,33;0,36;-16,64;-31,12;2.292.472,17
APTI3;0,00;;0,00;0,00;0,00;40,52;1,16;-19,35;0,00;139,08;61,64;0,15;0,00;0,00;0,00;1,05;-3,95;-2,14;-0,75;0,54;0,46;0,11;-8,24;;
APTI4;3.500,00;;-6,96;0,28;0,15;40,52;1,16;-19,35;116,64;139,08;61,64;0,15;1,35;20,61;-0,18;1,05;-3,95;-2,14;-0,75;0,54;0,46;0,11;-8,24;;
ARZZ3;44,28;1,31;24,43;5,33;2,11;46,23;13,74;9,83;17,48;17,46;-0,01;0,00;2,40;5,11;-8,25;2,26;21,82;8,65;13,02;0,40;0,60;0,88;9,79;7,54;22.582.186,07
ATMP3;4,88;;-0,27;-0,69;0,09;-17,07;-29,80;-48,96;-0,45;-1,96;-1,51;;0,13;-0,49;-0,11;0,49;255,17;-32,62;-102,93;-0,13;1,13;0,67;-21,09;;73.215,33
ATOM3;1,78;;7,83;4,21;1,99;100,00;20,57;44,32;16,88;11,10;-5,78;-1,44;3,47;2,14;-281,82;15,01;53,70;25,37;22,03;0,47;0,53;0,57;;;317.799,13
AZEV3;14,03;;-0,58;-0,34;1,38;-159,65;-329,52;-533,18;-0,94;-0,91;-0,37;;3,10;-0,47;-2,19;0,11;59,03;-237,00;61,63;-4,02;5,02;0,44;-29,80;;645.117,53
AZEV4;5,05;;-0,21;-0,12;0,50;-159,65;-329,52;-533,18;-0,34;-0,91;-0,37;;1,12;-0,17;-0,79;0,11;59,03;-237,00;61,63;-4,02;5,02;0,44;-29,80;;1.093.785,53
AZUL4;22,26;;-3,22;-2,90;1,49;-0,78;-11,73;-74,27;-20,42;-34,55;-14,13;;2,39;-4,53;-1,84;0,37;90,10;-46,19;-15,39;-0,51;1,51;0,62;14,54;;496.253.449,53
B3SA3;49,79;2,87;32,73;4,12;2,49;100,00;59,44;48,68;26,81;25,31;-1,50;-0,23;15,93;54,15;-3,50;1,19;12,58;7,61;10,47;0,61;0,39;0,16;23,81;22,64;602.513.439,63
BAHI3;85,50;;-10,40;1,79;0,46;37,60;-21,32;-22,67;-11,07;-10,16;0,90;-0,15;2,36;-7,25;-0,53;0,69;-17,21;-4,38;-13,86;0,25;0,75;0,19;;;137.335,09
BALM3;13,50;6,81;31,55;1,22;0,69;51,76;5,48;2,81;16,17;15,72;2,14;0,16;0,89;2,52;-1,68;1,88;3,88;2,20;2,12;0,57;0,43;0,78;5,12;-19,47;19.409,78
BALM4;9,18;10,02;21,45;0,83;0,47;51,76;5,48;2,81;10,99;15,72;2,14;0,16;0,60;1,71;-1,14;1,88;3,88;2,20;2,12;0,57;0,43;0,78;5,12;-19,47;15.879,31
BAUH4;81,00;1,06;15,75;5,90;3,49;25,27;8,87;14,91;26,46;24,25;-2,21;-0,49;2,35;20,10;-7,80;1,46;37,43;22,18;9,01;0,59;0,41;1,49;8,15;23,02;66.312,11
BAZA3;31,30;12,41;3,37;0,42;0,05;34,43;27,13;18,28;2,27;2,27;;;0,62;-0,17;-0,07;0,57;12,52;1,34;;0,11;0,89;0,07;6,35;8,48;96.726,93
BBAS3;32,93;5,59;5,50;0,92;0,06;13,61;3,41;11,90;19,19;19,19;;;0,65;-0,32;-0,12;0,75;16,80;1,03;;0,06;0,94;0,09;-2,23;7,20;740.699.782,83
BBDC3;19,71;9,59;8,68;1,35;0,14;-2,42;-6,38;22,82;-31,06;-32,30;;;1,98;-1,42;-0,27;0,83;15,55;1,62;;0,10;0,90;0,07;4,51;6,55;120.431.229,73
BBDC4;21,29;9,76;9,37;1,46;0,15;-2,42;-6,38;22,82;-33,55;-32,30;;;2,14;-1,54;-0,30;0,83;15,55;1,62;;0,10;0,90;0,07;4,51;6,55;1.010.798.641,07
BBML3;0,00;;0,00;0,00;0,00;9,04;4,18;2,26;0,00;6,15;6,15;1,30;0,00;0,00;0,00;1,09;11,38;2,07;4,62;0,18;0,82;0,92;;;
BBRK3;2,29;;-1,17;0,32;0,21;72,37;-53,25;-51,99;-1,15;-0,37;0,77;-0,22;0,61;2,69;-0,27;1,49;-27,32;-17,56;-29,61;0,64;0,36;0,34;-13,43;;1.561.563,77
BBSE3;26,60;10,53;8,15;8,73;4,56;;;;6,25;6,25;;;;39,10;-8,48;1,34;107,08;55,99;;0,52;0,48;0,00;;14,01;137.119.153,10
BDLL3;24,01;;-0,37;3,05;0,05;-30,98;-156,33;-193,35;-0,45;-2,98;-2,70;18,15;0,71;-0,23;-0,07;0,62;-831,33;-12,49;-35,48;0,02;0,98;0,06;-26,09;;2.401,00
BDLL4;8,85;;-0,14;1,12;0,02;-30,98;-156,33;-193,35;-0,17;-2,98;-2,70;18,15;0,26;-0,09;-0,03;0,62;-831,33;-12,49;-35,48;0,02;0,98;0,06;-26,09;;27.212,03
BEEF3;13,02;;19,84;10,91;0,39;19,26;8,70;1,82;4,14;7,68;3,54;9,32;0,36;1,28;-1,15;1,88;54,99;1,98;11,35;0,04;0,96;1,09;19,63;;134.530.928,97
BEES3;6,03;5,74;8,18;1,22;0,07;37,73;16,09;11,37;5,78;5,83;;;0,93;-0,49;-0,16;0,80;14,97;0,86;;0,06;0,94;0,08;3,69;8,54;192.475,90
BEES4;6,24;5,20;8,46;1,27;0,07;37,73;16,09;11,37;5,98;5,83;;;0,96;-0,51;-0,17;0,80;14,97;0,86;;0,06;0,94;0,08;3,69;8,54;40.197,13
BFRE11;0,00;;0,00;0,00;0,00;;;;0,00;;-12,33;-0,28;;0,00;0,00;13,26;6,67;6,42;-1,16;0,96;0,04;0,00;;;
BFRE12;0,00;;0,00;0,00;0,00;;;;0,00;;-12,33;-0,28;;0,00;0,00;13,26;6,67;6,42;-1,16;0,96;0,04;0,00;;;
BGIP3;42,60;4,60;8,02;1,45;0,11;59,25;16,75;11,97;5,72;4,51;;;0,96;-11,84;-0,31;0,99;18,03;1,39;;0,08;0,92;0,12;5,66;64,33;4.291,50
BGIP4;24,48;8,81;4,61;0,83;0,06;59,25;16,75;11,97;3,29;4,51;;;0,55;-6,81;-0,18;0,99;18,03;1,39;;0,08;0,92;0,12;5,66;64,33;92.886,33
BIDI11;33,13;0,54;137,13;3,63;0,75;51,80;0,04;6,49;22.054,01;22.054,01;;;8,90;7,64;-1,93;1,19;2,65;0,54;;0,21;0,79;0,08;;;22.944.853,10
BIDI3;9,33;0,64;115,85;3,07;0,63;51,80;0,04;6,49;18.632,41;22.054,01;;;7,52;6,46;-1,63;1,19;2,65;0,54;;0,21;0,79;0,08;;;3.502.806,37
BIDI4;12,11;0,67;150,37;3,99;0,82;51,80;0,04;6,49;24.184,18;22.054,01;;;9,76;8,38;-2,12;1,19;2,65;0,54;;0,21;0,79;0,08;;;26.822.191,87
BIOM3;17,01;;-17,33;7,68;2,83;20,69;-318,59;-372,35;-20,25;-22,55;-2,31;0,87;64,51;15,95;-4,18;2,21;-44,31;-16,32;-16,17;0,37;0,63;0,04;;;2.477.660,57
BKBR3;11,80;0,43;-265,19;1,55;0,78;61,65;1,71;-0,36;55,20;59,79;4,59;0,13;0,94;33,89;-0,99;1,12;-0,58;-0,30;1,36;0,51;0,49;0,83;433,99;;25.665.127,27
BMEB3;16,10;3,87;6,02;0,90;0,08;57,90;10,06;6,07;3,63;3,35;;;0,37;0,41;-0,19;1,58;15,02;1,41;;0,09;0,91;0,23;-5,92;;54.707,96
BMEB4;12,80;5,36;4,78;0,72;0,07;57,90;10,06;6,07;2,89;3,35;;;0,29;0,33;-0,15;1,58;15,02;1,41;;0,09;0,91;0,23;-5,92;;126.731,83
BMGB4;5,36;4,66;8,49;0,79;0,14;65,58;1,55;10,23;56,20;56,20;;;0,87;-0,38;-0,16;0,02;9,35;1,70;;0,18;0,72;0,17;;;5.857.459,60
BMIN3;19,45;7,20;32,81;0,76;0,48;77,15;28,22;21,75;25,29;25,20;;;7,14;3,13;-0,72;1,87;2,31;1,47;;0,63;0,37;0,07;5,44;-8,61;91.131,72
BMIN4;19,00;7,37;32,06;0,74;0,47;77,15;28,22;21,75;24,70;25,20;;;6,97;3,06;-0,70;1,87;2,31;1,47;;0,63;0,37;0,07;5,44;-8,61;8.650,46
BMKS3;190,00;3,20;33,96;0,49;0,43;26,71;-30,79;16,20;-17,87;11,56;29,43;-0,80;5,50;0,54;-2,46;28,58;1,44;1,27;-3,35;0,89;0,11;0,08;-13,82;-25,48;11.931,92
BNBR3;85,93;5,62;4,17;1,32;0,13;45,29;45,63;32,26;2,95;2,95;;;1,35;-3,35;-0,16;0,86;31,65;3,01;;0,10;0,90;0,09;4,71;18,37;48.739,90
BOBR3;0,00;;0,00;0,00;0,00;37,90;8,79;-0,79;0,00;5,52;2,73;;0,00;0,00;0,00;0,61;3,24;-1,23;570,23;-0,38;1,38;1,56;-1,67;;
BOBR4;2,12;;-65,89;-2,14;0,81;37,90;8,79;-0,79;5,92;5,52;2,73;;0,52;-2,98;-1,43;0,61;3,24;-1,23;570,23;-0,38;1,38;1,56;-1,67;;194.772,30
BPAC11;60,99;2,19;23,80;2,41;0,22;-2,33;11,26;17,24;36,46;36,46;;;4,10;2,19;-0,70;1,18;10,12;0,94;;0,09;0,91;0,05;-0,86;14,56;208.400.100,80
BPAC3;26,11;1,70;30,57;3,09;0,29;-2,33;11,26;17,24;46,82;36,46;;;5,27;2,81;-0,90;1,18;10,12;0,94;;0,09;0,91;0,05;-0,86;14,56;44.899,66
BPAC5;18,30;2,43;21,43;2,17;0,20;-2,33;11,26;17,24;32,82;36,46;;;3,69;1,97;-0,63;1,18;10,12;0,94;;0,09;0,91;0,05;-0,86;14,56;61.670,20
BPAN4;8,98;1,86;18,33;2,15;0,32;50,60;3,58;6,73;34,40;34,40;;;1,23;-1,71;-0,56;0,69;11,76;1,75;;0,15;0,85;0,26;8,37;49,77;39.916.730,47
BPAR3;182,07;8,78;5,55;1,22;0,19;76,82;31,24;18,60;3,30;3,30;;;1,03;-1,46;-0,40;0,81;22,01;3,34;;0,15;0,85;0,18;8,00;16,96;
BPAT33;0,00;;0,00;0,00;0,00;51,56;21,77;5,61;0,00;0,00;;;0,00;;0,00;;9,46;1,35;;0,14;0,86;0,24;14,99;-24,79;
BPHA3;0,62;;0,06;-0,24;0,99;98,02;1.029,99;13.896,67;0,80;1,66;0,85;;8,28;-0,38;-1,18;0,06;-402,50;1.669,02;-36,75;-4,15;5,15;0,12;-68,85;;
BRAP3;32,12;2,26;1.982,07;1,06;1,01;;;;-3.011,54;-3.225,37;-6,94;0,00;;40,35;-1,07;2,00;0,05;0,05;-0,04;0,95;0,05;0,00;;;800.720,03
BRAP4;35,52;2,25;2.191,87;1,17;1,12;;;;-3.330,33;-3.225,37;-6,94;0,00;;44,62;-1,18;2,00;0,05;0,05;-0,04;0,95;0,05;0,00;;;98.338.692,67
BRDT3;22,76;2,04;13,47;2,95;0,92;5,67;1,41;2,10;20,10;23,40;3,29;0,48;0,28;3,84;-1,93;1,85;21,87;6,83;1,76;0,31;0,69;3,25;-0,73;14,51;180.716.927,60
BRFS3;21,32;;13,62;2,55;0,37;25,15;9,56;3,63;5,17;9,56;4,39;2,16;0,49;5,50;-0,62;1,19;18,71;2,69;11,11;0,14;0,86;0,74;2,89;-33,13;261.826.219,93
BRGE11;14,00;2,49;13,12;0,57;0,33;-233,11;-1,67;268,48;-2.108,49;;1.169,06;-0,32;35,23;-3,62;-0,48;0,77;4,38;2,53;-0,63;0,58;0,42;0,01;3,11;2,66;8.169,00
BRGE12;7,15;;6,70;0,29;0,17;-233,11;-1,67;268,48;-1.076,83;;1.169,06;-0,32;17,99;-1,85;-0,24;0,77;4,38;2,53;-0,63;0,58;0,42;0,01;3,11;2,66;27.190,25
BRGE3;10,49;;9,83;0,43;0,25;-233,11;-1,67;268,48;-1.579,86;;1.169,06;-0,32;26,39;-2,71;-0,36;0,77;4,38;2,53;-0,63;0,58;0,42;0,01;3,11;2,66;12.725,00
BRGE5;21,50;1,35;20,15;0,88;0,51;-233,11;-1,67;268,48;-3.238,03;;1.169,06;-0,32;54,10;-5,56;-0,73;0,77;4,38;2,53;-0,63;0,58;0,42;0,01;3,11;2,66;29.783,33
BRGE6;11,51;6,05;10,79;0,47;0,27;-233,11;-1,67;268,48;-1.733,48;;1.169,06;-0,32;28,96;-2,97;-0,39;0,77;4,38;2,53;-0,63;0,58;0,42;0,01;3,11;2,66;3.453,00
BRGE7;5,40;7,52;5,06;0,22;0,13;-233,11;-1,67;268,48;-813,27;;1.169,06;-0,32;13,59;-1,40;-0,18;0,77;4,38;2,53;-0,63;0,58;0,42;0,01;3,11;2,66;
BRGE8;7,52;3,86;7,05;0,31;0,18;-233,11;-1,67;268,48;-1.132,56;;1.169,06;-0,32;18,92;-1,94;-0,26;0,77;4,38;2,53;-0,63;0,58;0,42;0,01;3,11;2,66;6.845,40
BRIV3;7,50;;10,50;0,44;0,05;21,41;7,56;5,71;7,92;8,04;;;0,60;0,49;-0,14;1,18;4,22;0,47;;0,11;0,89;0,08;-6,24;0,83;8.228,40
BRIV4;7,77;7,15;10,88;0,46;0,05;21,41;7,56;5,71;8,21;8,04;;;0,62;0,51;-0,14;1,18;4,22;0,47;;0,11;0,89;0,08;-6,24;0,83;37.577,93
BRKM3;25,50;3,29;-2,45;-7,09;0,26;11,65;-3,45;-15,99;-11,33;;-14,76;;0,39;3,48;-0,40;1,29;289,77;-10,76;-14,90;-0,04;1,04;0,67;3,00;;830.600,30
BRKM5;24,51;3,42;-2,35;-6,82;0,25;11,65;-3,45;-15,99;-10,89;;-14,76;;0,38;3,34;-0,38;1,29;289,77;-10,76;-14,90;-0,04;1,04;0,67;3,00;;127.655.749,50
BRKM6;18,50;3,28;-1,78;-5,14;0,19;11,65;-3,45;-15,99;-8,22;;-14,76;;0,28;2,52;-0,29;1,29;289,77;-10,76;-14,90;-0,04;1,04;0,67;3,00;;2.329,25
BRML3;10,50;7,87;6,81;0,78;0,48;89,40;159,17;108,24;4,63;5,70;1,07;0,18;7,37;12,29;-0,51;2,72;11,51;7,05;10,48;0,61;0,39;0,07;-1,04;18,24;170.254.995,63
BRPR3;9,12;0,95;9,08;0,62;0,45;100,00;213,72;138,29;5,88;6,58;0,70;0,07;12,56;3,78;-0,53;5,15;6,84;4,97;7,88;0,73;0,27;0,04;-14,64;3,09;34.335.246,93
BRQB3;0,00;;0,00;0,00;0,00;31,34;11,57;7,65;0,00;-1,10;-1,10;-0,46;0,00;0,00;0,00;2,94;27,79;12,66;17,67;0,46;0,54;1,65;-0,37;100,11;
BRSR3;17,10;5,62;5,46;0,87;0,08;43,04;13,62;13,17;5,27;;;;0,72;1,36;-2,40;1,07;15,89;1,55;;0,10;0,90;0,12;1,64;15,38;1.377.437,93
BRSR5;23,90;4,25;7,62;1,21;0,12;43,04;13,62;13,17;7,37;;;;1,00;1,90;-3,36;1,07;15,89;1,55;;0,10;0,90;0,12;1,64;15,38;243.406,22
BRSR6;14,04;6,85;4,48;0,71;0,07;43,04;13,62;13,17;4,33;;;;0,59;1,11;-1,97;1,07;15,89;1,55;;0,10;0,90;0,12;1,64;15,38;38.304.742,17
BSEV3;3,13;;-4,11;13,95;0,31;14,29;6,30;-13,09;8,54;23,62;15,08;24,62;0,54;16,29;-0,46;1,06;-339,41;-7,57;5,24;0,02;0,98;0,58;7,87;;283.645,60
BSLI3;75,11;3,35;5,92;1,55;0,16;72,25;26,42;19,74;4,42;4,02;;;1,17;-0,63;-0,22;0,54;26,19;2,63;;0,10;0,90;0,13;5,10;12,95;7.005,50
BSLI4;45,00;6,16;3,55;0,93;0,09;72,25;26,42;19,74;2,65;4,02;;;0,70;-0,38;-0,13;0,54;26,19;2,63;;0,10;0,90;0,13;5,10;12,95;4.500,00
BTOW3;101,66;;-185,36;9,45;3,30;29,67;1,59;-4,00;466,30;468,40;2,10;0,04;7,41;10,68;-7,97;2,11;-5,10;-1,78;-0,04;0,35;0,65;0,45;-3,20;;474.710.807,33
BTTL3;5,34;;9,42;8,09;0,58;15,54;3,79;1,86;4,62;6,64;2,02;3,53;0,18;-19,30;-0,94;0,93;85,93;6,18;28,74;0,07;0,93;3,32;-11,43;;17.120,08
BTTL4;11.091,73;;19.559,68;16.807,32;1.209,22;15,54;3,79;1,86;9.600,97;6,64;2,02;3,53;364,09;-40.094,72;-1.947,88;0,93;85,93;6,18;28,74;0,07;0,93;3,32;-11,43;;9.388.768.360,00
CALI3;98,18;;-2,37;13,04;0,45;-56,28;-318,34;-300,62;-2,23;-1,50;0,01;-0,05;7,11;1,16;-0,99;3,39;-551,34;-18,90;-463,36;0,03;0,97;0,06;-38,15;;
CALI4;50,21;;-1,21;6,67;0,23;-56,28;-318,34;-300,62;-1,14;-1,50;0,01;-0,05;3,64;0,59;-0,51;3,39;-551,34;-18,90;-463,36;0,03;0,97;0,06;-38,15;;25.105,00
CAMB3;4,39;;7,73;2,25;0,74;45,05;16,70;10,95;5,07;6,74;1,67;0,74;0,85;11,44;-1,38;1,16;29,12;9,56;19,23;0,33;0,67;0,87;-4,98;7,64;1.414.207,37
CAMB4;6,25;;11,00;3,20;1,05;45,05;16,70;10,95;7,22;6,74;1,67;0,74;1,21;16,29;-1,96;1,16;29,12;9,56;19,23;0,33;0,67;0,87;-4,98;7,64;453.862,40
CAML3;10,61;1,85;16,38;1,75;0,82;23,18;5,53;4,44;13,16;16,93;3,77;0,50;0,73;2,70;-1,86;2,17;10,65;4,98;7,47;0,47;0,53;1,12;7,98;17,95;16.496.948,13
CARD3;12,65;2,46;16,72;2,00;1,10;26,47;11,71;7,14;10,19;11,75;1,56;0,31;1,19;-153,53;-1,49;0,97;11,96;6,55;11,33;0,55;0,45;0,92;1,77;18,99;3.153.351,93
CASN3;18,00;;107,55;10,24;3,62;55,08;24,13;10,65;47,45;39,49;4,06;0,88;11,45;98,61;-4,26;1,32;9,52;3,36;8,24;0,35;0,65;0,32;8,58;9,88;
CASN4;8,88;;53,06;5,05;1,78;55,08;24,13;10,65;23,41;39,49;4,06;0,88;5,65;48,65;-2,10;1,32;9,52;3,36;8,24;0,35;0,65;0,32;8,58;9,88;1.100,00
CATA3;0,00;;0,00;0,00;0,00;12,93;-6,69;4,12;0,00;-2,88;-2,88;0,25;0,00;0,00;0,00;2,17;5,32;3,16;-6,43;0,59;0,41;0,77;-1,79;-8,60;
CATA4;0,00;;0,00;0,00;0,00;12,93;-6,69;4,12;0,00;-2,88;-2,88;0,25;0,00;0,00;0,00;2,17;5,32;3,16;-6,43;0,59;0,41;0,77;-1,79;-8,60;
CBEE3;15,01;2,65;8,67;0,68;0,23;16,61;10,16;4,90;4,18;11,11;6,92;1,12;0,43;-2,29;-0,31;0,72;7,82;2,64;5,56;0,34;0,66;0,54;5,20;7,47;43.220,75
CCPR3;15,29;0,32;22,00;0,79;0,48;65,17;57,18;23,50;9,04;11,66;2,62;0,23;5,17;3,60;-0,58;4,32;3,59;2,19;5,02;0,61;0,39;0,09;4,28;-8,25;7.363.570,37
CCRO3;14,26;5,35;21,42;3,17;0,85;41,71;32,72;12,42;8,13;12,07;3,93;1,53;2,66;-97,46;-1,08;0,96;14,79;3,97;9,42;0,27;0,73;0,32;7,44;1,11;141.689.575,07
CCXC3;1,16;;-0,46;-0,04;0,20;;;;-0,74;-0,72;0,02;;;-0,04;;0,16;8,09;-43,42;4,96;-5,37;6,37;0,00;;;45.760,33
CEAB3;11,74;2,16;21,91;1,34;0,62;48,71;7,13;3,16;9,72;13,54;3,82;0,52;0,69;6,17;-0,97;1,40;6,09;2,85;7,79;0,47;0,53;0,90;;;31.377.184,70
CEBR3;56,00;;4,23;0,79;0,23;18,07;10,95;6,03;2,33;;0,21;0,07;0,26;5,95;-0,41;1,09;18,77;5,37;20,38;0,29;0,71;0,89;6,64;;303.440,73
CEBR5;77,20;;5,83;1,09;0,31;18,07;10,95;6,03;3,21;;0,21;0,07;0,35;8,20;-0,57;1,09;18,77;5,37;20,38;0,29;0,71;0,89;6,64;;17.191,17
CEBR6;66,00;;4,98;0,94;0,27;18,07;10,95;6,03;2,75;;0,21;0,07;0,30;7,01;-0,49;1,09;18,77;5,37;20,38;0,29;0,71;0,89;6,64;;155.695,00
CEDO3;9,10;;-6,55;0,47;0,12;11,24;2,32;-2,05;5,79;18,82;13,83;1,12;0,13;-8,73;-0,22;0,97;-7,13;-1,90;1,46;0,27;0,73;0,92;3,73;;51.704,70
CEDO4;6,14;;-4,42;0,32;0,08;11,24;2,32;-2,05;3,91;18,82;13,83;1,12;0,09;-5,89;-0,15;0,97;-7,13;-1,90;1,46;0,27;0,73;0,92;3,73;;55.852,93
CEEB3;41,00;2,69;10,21;1,95;0,53;23,48;16,64;10,33;6,34;;4,71;1,45;1,05;9,51;-0,70;1,28;19,13;5,15;10,59;0,27;0,73;0,50;12,72;16,24;9.033,33
CEEB5;40,00;2,75;9,96;1,90;0,51;23,48;16,64;10,33;6,19;;4,71;1,45;1,03;9,27;-0,69;1,28;19,13;5,15;10,59;0,27;0,73;0,50;12,72;16,24;15.698,00
CEEB6;0,00;;0,00;0,00;0,00;23,48;16,64;10,33;0,00;;4,71;1,45;0,00;0,00;0,00;1,28;19,13;5,15;10,59;0,27;0,73;0,50;12,72;16,24;
CEED3;74,00;;-0,53;-0,17;0,17;0,06;-12,95;-39,14;-1,61;-3,82;-2,20;;0,21;-0,21;-0,24;0,26;32,79;-32,50;15,19;-0,99;1,99;0,83;3,53;;33.751,50
CEED4;110,00;;-0,79;-0,26;0,26;0,06;-12,95;-39,14;-2,40;-3,82;-2,20;;0,31;-0,31;-0,36;0,26;32,79;-32,50;15,19;-0,99;1,99;0,83;3,53;;11.000,00
CEGR3;60,10;2,43;74,94;17,09;4,81;24,66;9,78;4,59;35,22;37,43;2,21;1,07;3,44;-45,83;-5,97;0,65;22,80;6,42;19,17;0,28;0,72;1,40;5,62;3,05;11.002,00
CEPE3;0,00;;0,00;0,00;0,00;17,45;9,46;3,04;0,00;;8,79;2,99;0,00;0,00;0,00;0,95;10,92;2,03;7,12;0,19;0,81;0,67;9,02;6,60;
CEPE5;25,05;5,03;10,26;1,12;0,21;17,45;9,46;3,04;3,29;;8,79;2,99;0,31;-12,16;-0,31;0,95;10,92;2,03;7,12;0,19;0,81;0,67;9,02;6,60;7.515,00
CEPE6;20,00;6,93;8,19;0,90;0,17;17,45;9,46;3,04;2,63;;8,79;2,99;0,25;-9,71;-0,24;0,95;10,92;2,03;7,12;0,19;0,81;0,67;9,02;6,60;18.000,00
CESP3;31,70;5,84;7,55;1,47;0,79;42,22;50,40;82,03;12,29;;1,03;0,12;6,19;41,89;-0,88;1,23;19,52;10,48;-1,57;0,54;0,46;0,13;-20,20;15,73;465.413,10
CESP5;29,60;6,25;7,05;1,38;0,74;42,22;50,40;82,03;11,47;;1,03;0,12;5,78;39,11;-0,82;1,23;19,52;10,48;-1,57;0,54;0,46;0,13;-20,20;15,73;53.741,58
CESP6;28,01;6,60;6,67;1,30;0,70;42,22;50,40;82,03;10,86;;1,03;0,12;5,47;37,01;-0,78;1,23;19,52;10,48;-1,57;0,54;0,46;0,13;-20,20;15,73;73.152.079,50
CGAS3;178,00;8,86;15,26;30,90;2,78;34,28;24,67;15,84;9,80;;1,91;6,02;2,42;259,58;-3,94;1,04;202,51;18,25;27,94;0,09;0,91;1,15;8,30;17,45;44.115,50
CGAS5;185,01;9,38;15,86;32,11;2,89;34,28;24,67;15,84;10,18;;1,91;6,02;2,51;269,80;-4,10;1,04;202,51;18,25;27,94;0,09;0,91;1,15;8,30;17,45;617.224,83
CGRA3;25,10;6,98;3,90;0,86;0,58;53,38;20,31;26,94;5,17;4,54;-0,72;-0,12;1,05;2,64;-1,02;2,07;22,09;14,97;11,56;0,68;0,32;0,56;3,42;16,83;46.947,87
CGRA4;25,90;6,76;4,02;0,89;0,60;53,38;20,31;26,94;5,33;4,54;-0,72;-0,12;1,08;2,72;-1,05;2,07;22,09;14,97;11,56;0,68;0,32;0,56;3,42;16,83;200.936,57
CIEL3;4,89;2,60;11,09;1,44;0,16;46,45;22,14;23,59;11,82;12,12;0,31;0,04;2,62;2,01;-1,06;1,10;12,95;1,42;4,32;0,11;0,89;0,06;7,99;-11,13;150.483.072,73
CLSC3;50,00;3,50;5,43;1,24;0,20;13,04;7,15;4,44;3,37;5,72;2,23;0,82;0,24;3,72;-0,29;1,23;22,88;3,77;13,06;0,16;0,84;0,85;4,99;-11,18;5.000,00
CLSC4;52,99;3,63;5,76;1,32;0,22;13,04;7,15;4,44;3,57;5,72;2,23;0,82;0,26;3,94;-0,31;1,23;22,88;3,77;13,06;0,16;0,84;0,85;4,99;-11,18;1.085.986,20
CMIG3;11,70;2,34;7,51;1,08;0,34;22,03;9,57;8,90;6,98;12,14;5,50;0,85;0,67;6,27;-0,43;1,35;14,36;4,51;4,16;0,31;0,69;0,51;5,38;-0,06;19.817.247,80
CMIG4;10,84;2,53;6,95;1,00;0,31;22,03;9,57;8,90;6,47;12,14;5,50;0,85;0,62;5,81;-0,40;1,35;14,36;4,51;4,16;0,31;0,69;0,51;5,38;-0,06;142.919.925,73
CMSA3;0,00;;0,00;0,00;0,00;;;;0,00;1,01;1,01;-1,28;;0,00;0,00;262,56;-122,42;-92,61;-126,18;0,76;0,24;0,00;;;
CMSA4;0,00;;0,00;0,00;0,00;;;;0,00;1,01;1,01;-1,28;;0,00;0,00;262,56;-122,42;-92,61;-126,18;0,76;0,24;0,00;;;
CNSY3;70.379,80;;2.849.145,70;54.396,08;10.843,06;23,70;5,02;0,47;267.665,04;267.677,15;12,11;2,46;13.427,61;-57.931,01;-11.804,25;0,30;1,91;0,38;4,94;0,20;0,80;0,81;19,24;;1.421.741.060,35
CNTO3;33,08;;25,74;6,82;2,03;49,45;18,41;12,17;17,01;16,86;-0,15;-0,06;3,13;17,07;-3,36;1,43;26,50;7,87;30,84;0,30;0,70;0,65;;;81.005.008,40
COCE3;42,00;5,06;6,80;1,02;0,36;15,79;11,79;8,61;4,97;;3,72;0,76;0,59;36,43;-0,49;1,04;15,00;5,28;9,43;0,35;0,65;0,61;8,25;9,99;4.200,00
COCE5;55,50;3,83;8,99;1,35;0,47;15,79;11,79;8,61;6,56;;3,72;0,76;0,77;48,14;-0,65;1,04;15,00;5,28;9,43;0,35;0,65;0,61;8,25;9,99;2.190.700,73
COCE6;0,00;;0,00;0,00;0,00;15,79;11,79;8,61;0,00;;3,72;0,76;0,00;0,00;0,00;1,04;15,00;5,28;9,43;0,35;0,65;0,61;8,25;9,99;
COGN3;6,43;0,60;-265,97;0,66;0,33;59,20;11,52;-0,67;15,37;27,13;11,76;0,50;1,77;3,81;-0,40;1,97;-0,25;-0,13;2,45;0,50;0,50;0,19;13,24;-24,68;334.649.058,53
CORR3;12,00;;-0,16;-0,07;0,02;98,54;-96,28;-87,39;-0,15;1,02;1,62;;0,14;0,04;-0,07;22,21;43,86;-14,57;56,62;-0,33;1,33;0,17;-33,38;;
CORR4;69,00;;-0,92;-0,40;0,13;98,54;-96,28;-87,39;-0,83;1,02;1,62;;0,80;0,20;-0,43;22,21;43,86;-14,57;56,62;-0,33;1,33;0,17;-33,38;;10.850,00
CPFE3;31,78;;11,88;2,52;0,76;22,41;16,14;10,24;7,54;11,07;3,53;1,18;1,22;10,32;-1,05;1,36;21,20;6,40;9,31;0,30;0,70;0,62;11,46;25,40;153.950.283,07
CPLE3;60,80;3,69;6,47;0,92;0,43;27,65;19,90;12,62;4,10;;2,02;0,45;0,82;6,08;-0,55;1,53;14,21;6,72;10,77;0,47;0,53;0,53;3,14;9,08;25.090.351,97
CPLE5;27,51;14,35;2,93;0,42;0,20;27,65;19,90;12,62;1,86;;2,02;0,45;0,37;2,75;-0,25;1,53;14,21;6,72;10,77;0,47;0,53;0,53;3,14;9,08;
CPLE6;63,50;3,88;6,75;0,96;0,45;27,65;19,90;12,62;4,28;;2,02;0,45;0,85;6,35;-0,57;1,53;14,21;6,72;10,77;0,47;0,53;0,53;3,14;9,08;118.838.760,50
CPRE3;18,02;;55,08;2,04;0,79;45,86;29,64;8,62;16,02;22,94;6,92;0,88;4,75;-47,74;-0,90;0,88;3,70;1,44;5,56;0,39;0,61;0,17;9,10;;8.933,14
CRDE3;17,88;69,27;-4,37;0,27;0,25;3,83;-18,28;-29,36;-7,02;2,90;9,92;-0,39;1,28;0,67;-0,43;9,43;-6,29;-5,71;-4,77;0,91;0,09;0,19;11,36;;35.797,43
CREM3;14,50;;32,70;2,45;0,67;30,30;7,39;2,10;9,28;13,11;3,84;1,01;0,69;4,89;-1,69;1,29;7,50;2,05;9,29;0,27;0,73;0,98;1,09;;
CRFB3;18,45;1,32;29,35;2,42;0,87;20,55;4,50;2,02;13,16;14,80;1,65;0,30;0,59;14,60;-1,57;1,16;8,24;2,97;8,56;0,36;0,64;1,47;10,32;12,50;148.508.182,43
CRIV3;5,98;0,58;8,30;0,64;0,09;51,51;17,05;12,04;5,86;6,12;;;1,00;0,60;-0,20;1,37;7,70;1,07;;0,14;0,86;0,09;-5,15;14,18;49.736,79
CRIV4;6,60;6,22;9,16;0,70;0,10;51,51;17,05;12,04;6,47;6,12;;;1,10;0,66;-0,22;1,37;7,70;1,07;;0,14;0,86;0,09;-5,15;14,18;12.198,69
CRPG3;25,00;0,56;6,60;1,26;0,92;23,60;18,25;18,65;6,75;;-1,83;-0,34;1,23;1,41;-4,14;6,20;19,03;13,92;18,13;0,73;0,27;0,75;8,35;;3.796,33
CRPG5;23,18;0,60;6,12;1,16;0,85;23,60;18,25;18,65;6,25;;-1,83;-0,34;1,14;1,31;-3,84;6,20;19,03;13,92;18,13;0,73;0,27;0,75;8,35;;245.209,67
CRPG6;23,49;0,59;6,20;1,18;0,86;23,60;18,25;18,65;6,34;;-1,83;-0,34;1,16;1,32;-3,89;6,20;19,03;13,92;18,13;0,73;0,27;0,75;8,35;;28.534,62
CSAB3;44,00;7,05;20,15;1,85;0,71;18,46;-14,36;153,11;-214,83;-224,59;;;30,85;4,76;-1,16;1,64;9,19;3,54;;0,39;0,61;0,02;-27,17;-14,21;8.800,00
CSAB4;48,00;7,11;21,98;2,02;0,78;18,46;-14,36;153,11;-234,35;-224,59;;;33,65;5,19;-1,27;1,64;9,19;3,54;;0,39;0,61;0,02;-27,17;-14,21;4.800,00
CSAN3;66,73;2,24;12,12;2,30;0,79;30,23;26,39;15,54;7,13;9,92;2,79;0,90;1,88;5,64;-1,11;1,97;19,00;6,54;12,15;0,34;0,66;0,42;10,73;31,02;122.681.605,97
CSMG3;58,41;1,61;10,16;1,08;0,63;42,41;22,46;13,94;6,31;8,55;2,24;0,38;1,42;8,42;-0,77;1,76;10,62;6,22;8,94;0,59;0,41;0,45;4,54;18,85;59.716.743,87
CSNA3;10,67;2,89;17,50;2,74;0,28;30,31;9,92;3,42;6,03;18,52;12,49;5,68;0,60;6,13;-0,39;1,20;15,65;1,60;3,34;0,10;0,90;0,47;9,54;;153.490.399,57
CSRN3;17,90;1,75;10,07;2,61;0,70;23,55;17,58;11,69;6,69;;3,43;1,34;1,18;6,48;-0,91;1,91;25,97;6,97;13,38;0,27;0,73;0,60;10,15;5,29;4.050,71
CSRN5;21,00;1,64;11,81;3,07;0,82;23,55;17,58;11,69;7,85;;3,43;1,34;1,38;7,61;-1,07;1,91;25,97;6,97;13,38;0,27;0,73;0,60;10,15;5,29;2.100,00
CSRN6;18,49;1,86;10,40;2,70;0,72;23,55;17,58;11,69;6,91;;3,43;1,34;1,22;6,70;-0,94;1,91;25,97;6,97;13,38;0,27;0,73;0,60;10,15;5,29;1.849,00
CTCA3;0,00;;0,00;0,00;0,00;48,80;15,90;15,27;0,00;-3,86;-3,86;-0,23;0,00;0,00;0,00;2,61;5,79;4,28;3,44;0,74;0,26;0,28;26,84;26,33;
CTKA3;12,29;;-6,14;-0,28;0,20;40,44;10,29;-3,69;2,20;16,62;14,61;;0,23;0,69;-0,50;1,95;4,56;-3,26;13,57;-0,72;1,72;0,89;0,27;;36.358,31
CTKA4;10,30;;-5,14;-0,23;0,17;40,44;10,29;-3,69;1,84;16,62;14,61;;0,19;0,57;-0,42;1,95;4,56;-3,26;13,57;-0,72;1,72;0,89;0,27;;56.731,48
CTNM3;8,85;;-6,39;0,15;0,06;29,29;1,71;-2,27;8,51;47,90;41,04;0,73;0,15;1,23;-0,10;1,16;-2,37;-0,98;0,84;0,42;0,58;0,43;-5,30;;44.932,48
CTNM4;5,70;;-4,12;0,10;0,04;29,29;1,71;-2,27;5,48;47,90;41,04;0,73;0,09;0,79;-0,06;1,16;-2,37;-0,98;0,84;0,42;0,58;0,43;-5,30;;214.493,07
CTSA3;4,63;;17,16;0,63;0,30;20,92;7,51;2,30;5,25;;5,96;0,72;0,39;2,60;-0,55;1,36;3,68;1,77;6,60;0,48;0,52;0,77;2,57;61,71;15.475,00
CTSA4;4,81;;17,83;0,66;0,32;20,92;7,51;2,30;5,45;;5,96;0,72;0,41;2,71;-0,57;1,36;3,68;1,77;6,60;0,48;0,52;0,77;2,57;61,71;3.936,77
CTSA8;0,00;;0,00;0,00;0,00;20,92;7,51;2,30;0,00;;5,96;0,72;0,00;0,00;0,00;1,36;3,68;1,77;6,60;0,48;0,52;0,77;2,57;61,71;
CVCB3;20,53;2,03;13,40;2,21;0,44;91,91;25,37;11,99;6,33;8,67;2,34;0,81;1,61;1,84;-1,61;1,49;16,48;3,30;14,69;0,20;0,80;0,28;21,43;18,82;122.751.038,33
CYRE3;20,83;8,74;15,98;1,60;0,81;31,73;14,84;13,47;14,50;16,64;2,13;0,24;2,15;2,56;-1,78;2,38;10,00;5,06;6,33;0,51;0,49;0,38;-7,54;-8,46;163.260.451,23
DASA3;66,00;0,85;243,69;9,72;3,59;35,43;9,13;2,98;79,68;84,57;4,89;0,60;7,27;44,55;-4,83;1,46;3,99;1,47;6,40;0,37;0,63;0,49;10,10;9,52;20.557,29
DIRR3;11,62;4,30;15,95;1,28;0,37;34,36;12,97;7,98;9,81;10,67;0,86;0,11;1,27;1,01;-0,71;4,24;8,04;2,32;6,41;0,29;0,71;0,29;-4,50;-12,25;14.111.313,47
DMMO3;1,49;;-3,18;-0,83;0,30;12,47;-19,75;-28,88;-4,65;-12,28;-7,63;;0,92;-1,67;-0,36;0,48;26,22;-9,44;-28,54;-0,36;1,36;0,33;-15,03;;14.974.425,93
DOHL3;10,80;;20,51;1,10;0,88;24,10;1,28;6,38;102,36;82,33;-6,55;-0,07;1,31;2,23;-1,65;6,62;5,36;4,29;-2,78;0,80;0,20;0,67;4,74;-5,49;1.080,00
DOHL4;5,72;;10,86;0,58;0,47;24,10;1,28;6,38;54,21;82,33;-6,55;-0,07;0,69;1,18;-0,87;6,62;5,36;4,29;-2,78;0,80;0,20;0,67;4,74;-5,49;15.079,00
DTCY3;5,30;;-3,80;8,86;1,43;3,08;-67,17;-93,42;-5,29;-5,02;-0,04;0,07;3,55;-4,88;-1,80;0,41;-233,06;-37,66;-104,08;0,16;0,84;0,40;-1,40;;7.795,81
DTCY4;0,00;;0,00;0,00;0,00;3,08;-67,17;-93,42;0,00;-5,02;-0,04;0,07;0,00;0,00;0,00;0,41;-233,06;-37,66;-104,08;0,16;0,84;0,40;-1,40;;
DTEX3;11,96;3,12;19,07;1,73;0,79;27,46;13,77;8,51;11,78;14,72;2,93;0,43;1,62;4,69;-1,22;1,92;9,08;4,14;7,46;0,46;0,54;0,49;4,69;0,61;38.809.752,20
EALT3;13,50;0,40;18,03;1,87;0,82;21,62;9,05;5,63;11,22;9,69;2,91;0,48;1,02;29,16;-1,27;1,09;10,35;4,57;9,77;0,44;0,56;0,81;11,80;20,01;113.386,63
EALT4;4,07;1,48;5,43;0,56;0,25;21,62;9,05;5,63;3,38;9,69;2,91;0,48;0,31;8,79;-0,38;1,09;10,35;4,57;9,77;0,44;0,56;0,81;11,80;20,01;347.380,53
ECOR3;13,25;;-39,92;16,26;0,64;38,05;20,13;-4,69;9,30;17,67;8,37;14,63;1,87;-4,40;-0,80;0,58;-40,73;-1,61;5,64;0,04;0,96;0,34;6,12;;58.678.914,07
ECPR3;78,20;;-8,40;0,79;0,49;;;;-11,49;-11,59;0,10;-0,01;;72,73;-0,50;3,92;-9,43;-5,84;-7,03;0,62;0,38;0,00;;;7.820,00
ECPR4;81,00;;-8,70;0,82;0,51;;;;-11,90;-11,59;0,10;-0,01;;75,33;-0,51;3,92;-9,43;-5,84;-7,03;0,62;0,38;0,00;;;12.095,00
EEEL3;330,00;3,26;16,11;1,36;617,37;43,93;36,70;18,69;8,20;8,95;0,70;0,12;3,01;5,58;-0,79;2,08;8,46;3.831,12;12,20;452,84;547,16;205,03;10,14;;135.875,21
EEEL4;429,99;2,75;21,00;1,78;804,43;43,93;36,70;18,69;10,69;8,95;0,70;0,12;3,92;7,27;-1,02;2,08;8,46;3.831,12;12,20;452,84;547,16;205,03;10,14;;113.799,67
EGIE3;42,90;3,56;15,15;5,00;1,16;42,34;43,81;23,57;8,15;10,69;2,54;1,56;3,57;45,69;-1,50;1,13;33,02;7,67;16,17;0,23;0,77;0,33;8,66;10,81;82.032.943,63
EKTR3;19,90;3,52;7,31;1,37;0,46;19,09;14,15;7,90;4,08;8,16;3,93;1,32;0,58;5,43;-0,68;1,36;18,79;6,29;10,52;0,33;0,67;0,80;7,24;2,43;12.470,00
EKTR4;21,20;3,64;7,79;1,46;0,49;19,09;14,15;7,90;4,35;8,16;3,93;1,32;0,62;5,78;-0,72;1,36;18,79;6,29;10,52;0,33;0,67;0,80;7,24;2,43;4.651,33
ELEK3;25,50;1,69;32,63;3,55;1,42;11,39;2,82;2,53;29,28;35,26;5,75;0,70;0,83;5,01;-3,46;1,94;10,87;4,36;4,38;0,40;0,60;1,72;1,48;;17.572,33
ELEK4;25,87;1,66;33,11;3,60;1,44;11,39;2,82;2,53;29,71;35,26;5,75;0,70;0,84;5,08;-3,51;1,94;10,87;4,36;4,38;0,40;0,60;1,72;1,48;;40.516,50
ELET3;29,15;;4,71;0,64;0,26;74,35;29,31;34,37;5,53;;4,37;0,51;1,62;2,53;-0,34;1,74;13,57;5,43;5,75;0,40;0,60;0,16;-1,65;;147.254.607,23
ELET5;41,00;;6,63;0,90;0,36;74,35;29,31;34,37;7,77;;4,37;0,51;2,28;3,55;-0,47;1,74;13,57;5,43;5,75;0,40;0,60;0,16;-1,65;;8.090,00
ELET6;30,45;;4,92;0,67;0,27;74,35;29,31;34,37;5,77;;4,37;0,51;1,69;2,64;-0,35;1,74;13,57;5,43;5,75;0,40;0,60;0,16;-1,65;;94.513.418,83
ELPL3;49,32;;11,28;2,38;0,34;12,38;12,38;5,79;5,28;6,86;1,58;0,71;0,65;12,60;-0,45;1,13;21,06;3,01;16,82;0,14;0,86;0,52;6,77;;
EMAE3;25,35;2,82;10,11;0,95;0,62;19,02;7,94;21,10;26,87;20,22;-9,75;-0,34;2,13;1,97;-1,04;4,82;9,36;6,17;0,35;0,66;0,34;0,29;23,78;;
EMAE4;30,20;2,60;12,05;1,13;0,74;19,02;7,94;21,10;32,01;20,22;-9,75;-0,34;2,54;2,34;-1,24;4,82;9,36;6,17;0,35;0,66;0,34;0,29;23,78;;172.029,57
EMBR3;8,62;;-2,65;0,37;0,11;14,79;-5,02;-22,61;-11,93;-8,93;3,01;-0,09;0,60;0,59;-0,62;1,30;-14,10;-4,19;-9,24;0,30;0,70;0,19;-6,86;;194.627.156,30
ENAT3;10,17;11,24;11,20;0,87;0,56;31,44;18,28;20,20;12,38;4,93;-7,44;-0,52;2,26;1,59;-1,06;4,03;7,73;5,00;5,50;0,65;0,35;0,25;17,18;2,03;25.904.553,97
ENBR3;17,76;3,29;7,49;1,03;0,40;19,25;15,16;9,26;4,57;7,12;2,54;0,57;0,69;6,73;-0,54;1,29;13,73;5,29;9,85;0,39;0,61;0,57;11,35;12,08;46.339.740,63
ENEV3;40,98;;19,93;1,81;0,93;39,62;29,84;18,74;12,52;16,31;3,80;0,55;3,73;10,46;-1,13;2,01;9,07;4,68;8,10;0,52;0,48;0,25;11,78;;68.647.723,27
ENGI11;48,21;1,24;17,85;2,49;0,42;16,21;11,86;4,92;7,41;13,87;6,47;2,17;0,88;9,43;-0,58;1,20;13,93;2,36;7,59;0,17;0,83;0,48;19,08;11,59;89.098.768,07
ENGI3;12,44;0,96;23,03;3,21;0,54;16,21;11,86;4,92;9,56;13,87;6,47;2,17;1,13;12,16;-0,75;1,20;13,93;2,36;7,59;0,17;0,83;0,48;19,08;11,59;125.565,87
ENGI4;8,89;1,35;16,46;2,29;0,39;16,21;11,86;4,92;6,83;13,87;6,47;2,17;0,81;8,69;-0,53;1,20;13,93;2,36;7,59;0,17;0,83;0,48;19,08;11,59;201.903,90
ENMA3B;50,49;6,04;12,81;2,97;1,16;34,91;21,07;17,06;10,37;;1,58;0,45;2,19;5,90;-1,78;2,30;23,16;9,07;12,54;0,39;0,61;0,53;8,84;14,09;249.508,00
ENMA6B;0,00;;0,00;0,00;0,00;34,91;21,07;17,06;0,00;;1,58;0,45;0,00;0,00;0,00;2,30;23,16;9,07;12,54;0,39;0,61;0,53;8,84;14,09;
ENMT3;25,99;2,74;11,11;2,52;0,67;20,67;15,99;10,36;7,20;11,59;4,39;1,54;1,15;16,91;-1,00;1,14;22,70;6,06;10,45;0,27;0,73;0,59;13,13;41,49;47.113,59
ENMT4;25,99;2,74;11,11;2,52;0,67;20,67;15,99;10,36;7,20;11,59;4,39;1,54;1,15;16,91;-1,00;1,14;22,70;6,06;10,45;0,27;0,73;0,59;13,13;41,49;123.039,48
EQPA3;3,25;4,62;15,30;2,17;0,72;26,76;13,25;8,38;9,68;;2,68;0,60;1,28;3,12;-1,13;2,74;14,21;4,71;9,11;0,33;0,67;0,56;7,01;6,33;263.487,03
EQPA5;5,71;2,10;26,89;3,82;1,27;26,76;13,25;8,38;17,01;;2,68;0,60;2,25;5,48;-1,99;2,74;14,21;4,71;9,11;0,33;0,67;0,56;7,01;6,33;32.573,38
EQPA6;10,60;1,42;49,92;7,09;2,35;26,76;13,25;8,38;31,58;;2,68;0,60;4,18;10,18;-3,70;2,74;14,21;4,71;9,11;0,33;0,67;0,56;7,01;6,33;1.374,50
EQPA7;5,71;2,63;26,89;3,82;1,27;26,76;13,25;8,38;17,01;;2,68;0,60;2,25;5,48;-1,99;2,74;14,21;4,71;9,11;0,33;0,67;0,56;7,01;6,33;23.433,23
EQTL3;21,43;;7,97;2,22;0,58;30,48;22,92;14,45;5,03;7,57;2,55;1,12;1,15;4,11;-0,83;1,86;27,79;7,24;12,58;0,26;0,74;0,50;22,53;28,32;183.866.247,03
ESTR3;20,00;;-0,40;-0,03;0,08;50,21;-5,89;-36,44;-2,45;-11,30;-7,31;;0,14;-0,03;-0,14;0,16;8,54;-19,85;1,54;-2,32;3,32;0,54;-11,86;;
ESTR4;38,98;;-0,77;-0,07;0,15;50,21;-5,89;-36,44;-4,77;-11,30;-7,31;;0,28;-0,07;-0,26;0,16;8,54;-19,85;1,54;-2,32;3,32;0,54;-11,86;;12.497,50
ETER3;3,18;;-50,07;-5,73;0,18;14,27;10,14;-0,42;2,08;4,41;2,33;;0,21;-13,15;-0,33;0,97;11,45;-0,37;-8,02;-0,03;1,03;0,87;-12,96;;1.822.798,23
EUCA3;28,69;;40,46;2,00;1,16;28,05;8,70;4,30;20,03;12,58;3,13;0,31;1,74;30,67;-1,65;1,14;4,95;2,86;5,85;0,58;0,42;0,66;6,48;19,12;640.201,10
EUCA4;5,83;;8,22;0,41;0,23;28,05;8,70;4,30;4,07;12,58;3,13;0,31;0,35;6,23;-0,33;1,14;4,95;2,86;5,85;0,58;0,42;0,66;6,48;19,12;509.635,47
EVEN3;9,16;1,55;14,62;1,00;0,39;25,06;8,35;7,23;12,67;15,56;2,90;0,23;1,06;0,84;-1,67;2,48;6,86;2,64;3,43;0,39;0,61;0,37;-2,81;-12,22;20.492.266,57
EZTC3;37,84;0,78;24,37;2,21;1,97;41,32;28,16;38,84;33,61;28,65;-4,96;-0,33;9,46;4,66;-3,98;6,18;9,06;8,09;5,96;0,89;0,11;0,21;-3,30;-9,33;96.004.700,00
FBMC3;0,00;;0,00;0,00;0,00;-60,76;-92,67;-101,97;0,00;-0,74;-0,67;;0,00;0,00;0,00;0,31;24,19;-36,57;25,82;-1,51;2,51;0,36;-18,14;;
FBMC4;1,96;;-0,09;-0,02;0,03;-60,76;-92,67;-101,97;-0,10;-0,74;-0,67;;0,09;-0,04;-0,05;0,31;24,19;-36,57;25,82;-1,51;2,51;0,36;-18,14;;
FESA3;28,50;2,49;14,39;1,49;0,89;18,06;12,22;13,70;16,14;13,97;1,98;0,18;1,97;8,39;-1,21;1,64;10,35;6,16;5,56;0,60;0,40;0,45;9,09;19,29;12.494,50
FESA4;17,50;4,46;8,84;0,91;0,54;18,06;12,22;13,70;9,91;13,97;1,98;0,18;1,21;5,15;-0,75;1,64;10,35;6,16;5,56;0,60;0,40;0,45;9,09;19,29;7.726.512,07
FHER3;3,45;;0,28;5,92;0,12;6,62;-12,94;55,29;-1,22;-2,15;-0,93;4,54;0,16;0,72;-0,23;1,51;2.081,32;41,34;-208,93;0,02;0,98;0,75;-27,63;141,43;627.194,93
FIGE3;0,00;;0,00;0,00;0,00;100,00;93,46;44,00;0,00;-0,18;-0,18;-0,01;0,00;0,00;0,00;16,07;2,95;2,95;4,49;1,00;0,00;0,07;;-6,38;
FIGE4;0,00;;0,00;0,00;0,00;100,00;93,46;44,00;0,00;-0,18;-0,18;-0,01;0,00;0,00;0,00;16,07;2,95;2,95;4,49;1,00;0,00;0,07;;-6,38;
FLEX3;0,00;;0,00;0,00;0,00;28,76;0,76;-3,70;0,00;33,47;33,47;2,49;0,00;0,00;0,00;0,99;-36,17;-4,53;-2,37;0,13;0,87;1,22;24,52;;
FLRY3;24,80;3,78;28,21;4,84;1,53;29,22;17,73;9,54;15,18;16,77;1,58;0,51;2,69;11,47;-2,10;1,94;17,16;5,41;13,14;0,32;0,68;0,57;11,59;29,49;59.960.169,50
FNCN3;0,00;;0,00;0,00;0,00;99,43;-24,71;-29,86;0,00;0,00;;;0,00;0,00;0,00;17,45;-4,79;-4,50;;0,94;0,06;0,15;-22,05;;
FRAS3;5,15;2,14;32,89;1,35;0,67;26,24;7,95;2,46;10,18;12,40;2,22;0,29;0,81;2,61;-1,19;2,46;4,11;2,05;5,42;0,50;0,50;0,83;12,30;-6,17;691.091,43
FRIO3;69,00;;5,97;2,23;0,17;16,81;8,71;3,20;2,20;6,02;3,83;3,88;0,19;3,75;-0,61;1,07;37,27;2,92;7,87;0,08;0,92;0,91;10,93;;82.965,00
FRTA3;4,88;;16,36;-0,14;0,30;29,24;-21,76;6,25;-4,70;-30,64;-25,94;;1,02;-0,12;-0,33;0,04;-0,88;1,83;17,33;-2,08;3,08;0,29;-29,82;;121.448,27
FTRT3B;0,00;;0,00;0,00;0,00;;;;0,00;0,00;0,00;0,00;;0,00;0,00;0,00;-0,95;-0,90;-2,42;0,95;0,05;0,00;;;
GBIO33;9,99;;665,09;1,44;0,85;46,49;9,49;0,22;15,10;17,12;2,02;0,19;1,43;7,22;-1,56;1,36;0,22;0,13;3,97;0,59;0,41;0,60;12,83;-38,45;1.371.664,07
GEPA3;38,97;5,11;12,36;2,18;0,82;41,94;37,37;20,49;6,77;7,89;0,37;0,12;2,53;-15,35;-1,19;0,86;17,60;6,60;14,01;0,37;0,63;0,32;2,48;-2,91;43.296,73
GEPA4;45,40;4,39;14,40;2,53;0,95;41,94;37,37;20,49;7,89;7,89;0,37;0,12;2,95;-17,89;-1,39;0,86;17,60;6,60;14,01;0,37;0,63;0,32;2,48;-2,91;22.004,79
GFSA3;4,80;;81,74;0,65;0,23;34,98;8,11;1,87;18,85;30,20;11,35;0,39;1,53;0,80;-0,76;1,70;0,80;0,28;-0,25;0,35;0,65;0,15;-24,01;;22.805.320,57
GGBR3;11,79;1,19;20,57;0,69;0,33;9,76;6,87;2,54;7,60;13,66;5,27;0,48;0,52;1,94;-0,51;2,03;3,36;1,63;4,76;0,48;0,52;0,64;-1,40;-3,95;1.693.510,90
GGBR4;13,62;1,03;23,76;0,80;0,39;9,76;6,87;2,54;8,78;13,66;5,27;0,48;0,60;2,24;-0,58;2,03;3,36;1,63;4,76;0,48;0,52;0,64;-1,40;-3,95;258.413.592,93
GNDI3;62,86;0,27;78,87;5,80;2,84;27,50;11,04;5,30;37,90;37,95;0,06;0,01;4,18;-451,69;-3,60;0,97;7,36;3,61;8,32;0,49;0,51;0,68;;;232.362.050,73
GOAU3;6,00;1,33;6,68;0,22;0,11;9,76;6,85;2,51;2,45;7,85;5,28;0,48;0,17;0,62;-0,16;2,04;3,32;1,61;4,74;0,48;0,52;0,64;-1,40;1,60;681.818,67
GOAU4;6,43;1,24;7,16;0,24;0,12;9,76;6,85;2,51;2,63;7,85;5,28;0,48;0,18;0,66;-0,17;2,04;3,32;1,61;4,74;0,48;0,52;0,64;-1,40;1,60;102.276.855,87
GOLL4;19,65;;343,78;-8,68;4,03;29,27;15,38;1,29;28,91;31,63;2,72;;4,45;-11,34;-5,94;0,48;-2,52;1,17;147,43;-0,46;1,46;0,91;6,61;;270.326.960,33
GPAR3;24,51;;19,91;-1,18;1,30;50,19;59,41;43,02;14,41;14,11;-0,31;;8,56;5,00;-1,83;11,32;-5,91;6,56;-5,80;-1,11;2,11;0,15;32,73;;12.353,25
GPCP3;31,81;;6,72;0,93;0,23;20,67;8,37;3,50;2,81;4,99;2,35;0,78;0,24;3,88;-0,36;1,19;13,85;3,43;16,23;0,25;0,75;0,98;16,77;;441.591,00
GPCP4;0,00;;0,00;0,00;0,00;20,67;8,37;3,50;0,00;4,99;2,35;0,78;0,00;0,00;0,00;1,19;13,85;3,43;16,23;0,25;0,75;0,98;16,77;;
GPIV33;4,22;;-0,49;0,14;0,11;100,00;190,11;215,12;-0,55;0,89;1,44;-0,37;;0,39;-0,17;11,14;-29,33;-23,05;-26,08;0,79;0,21;-0,11;17,48;110,83;488.597,20
GRND3;7,67;3,45;15,44;1,92;1,65;45,81;17,80;22,19;19,24;16,29;-2,95;-0,29;3,43;3,28;-4,37;5,14;12,45;10,66;8,44;0,86;0,14;0,48;-1,50;0,40;15.052.171,20
GSHP3;50,85;;-0,31;-0,32;0,05;67,92;86,47;-270,80;0,97;14,14;13,17;;0,84;0,64;-0,07;1,58;103,58;-17,64;4,67;-0,17;1,17;0,07;-11,13;;84.188,38
GUAR3;15,90;3,39;15,39;1,53;0,66;63,04;9,20;6,60;11,05;13,25;2,20;0,31;1,02;2,82;-1,56;1,69;9,95;4,31;7,81;0,43;0,57;0,65;10,55;4,30;24.531.891,40
HAGA3;2,99;;13,17;-0,46;0,64;23,06;19,41;11,86;8,05;6,62;0,62;;1,56;1,70;-3,32;1,86;-3,51;4,84;-10,58;-1,38;2,38;0,41;-8,09;-12,85;55.294,50
HAGA4;1,85;;8,15;-0,29;0,39;23,06;19,41;11,86;4,98;6,62;0,62;;0,97;1,05;-2,06;1,86;-3,51;4,84;-10,58;-1,38;2,38;0,41;-8,09;-12,85;302.135,77
HAPV3;60,67;0,55;55,58;6,07;3,52;38,76;16,62;12,56;42,00;42,17;0,17;0,02;6,98;54,77;-4,49;1,43;10,92;6,34;8,49;0,58;0,42;0,50;;;138.029.262,67
HBOR3;2,40;;-15,42;1,00;0,35;11,72;1,01;-8,07;123,45;194,23;70,78;0,57;1,24;0,72;-1,41;2,75;-6,50;-2,25;-0,32;0,35;0,65;0,28;-4,23;;31.775.986,00
HBTS5;10,67;0,46;-1,25;0,41;0,08;-7,58;-965,78;-880,58;-1,14;-2,55;-1,40;0,50;11,05;-2,15;-0,09;0,75;-32,54;-6,33;-27,39;0,19;0,81;0,01;;;7.807,82
HETA3;4,01;;0,60;-0,01;0,21;100,00;67,33;312,65;2,76;442,02;438,62;;1,86;-0,05;-0,22;0,01;-0,90;34,80;4,25;-38,79;39,79;0,11;-21,42;-46,73;
HETA4;5,40;;0,80;-0,01;0,28;100,00;67,33;312,65;3,72;442,02;438,62;;2,51;-0,07;-0,29;0,01;-0,90;34,80;4,25;-38,79;39,79;0,11;-21,42;-46,73;23.132,50
HGTX3;14,47;3,74;13,59;1,67;1,23;43,23;8,94;11,96;18,19;15,84;-2,34;-0,22;1,63;2,75;-3,86;2,90;12,32;9,04;7,37;0,73;0,27;0,76;-1,59;-7,61;64.130.334,37
HOOT3;0,00;;0,00;0,00;0,00;65,71;-117,20;-150,19;0,00;-0,16;0,01;;0,00;0,00;0,00;0,04;35,59;-28,61;28,40;-0,80;1,80;0,19;-11,72;;
HOOT4;2,22;;-0,30;-0,11;0,09;65,71;-117,20;-150,19;-0,38;-0,16;0,01;;0,45;-0,08;-0,09;0,04;35,59;-28,61;28,40;-0,80;1,80;0,19;-11,72;;10.343,14
HYPE3;32,95;3,37;19,27;2,37;1,72;65,56;25,03;29,01;22,34;22,09;-0,25;-0,03;5,59;6,62;-2,82;3,00;12,30;8,93;7,29;0,73;0,27;0,31;3,54;23,65;135.921.665,17
IDNT3;3,99;;100,42;18,44;4,97;;;;201,55;200,62;-0,93;-0,09;;-373,97;-5,24;0,79;18,37;4,95;-6,32;0,27;0,73;0,00;;;341.944,13
IDVL3;2,22;;-16,85;0,50;0,07;5,26;-73,30;-7,67;-1,76;-1,79;;;1,29;0,42;-0,17;1,37;-2,98;-0,40;;0,13;0,87;0,05;-32,17;;195.682,17
IDVL4;2,93;;-22,24;0,66;0,09;5,26;-73,30;-7,67;-2,33;-1,79;;;1,71;0,55;-0,22;1,37;-2,98;-0,40;;0,13;0,87;0,05;-32,17;;38.183,00
IGBR3;2,52;;-0,33;-0,03;0,13;79,36;-147,60;-1.505,84;-3,41;-104,99;-101,59;;5,03;-0,36;-0,13;0,03;10,45;-37,91;-25,46;-3,63;4,63;0,03;-8,75;;425.281,67
IGSN3;0,00;;0,00;0,00;0,00;37,20;21,99;5,76;0,00;5,56;5,56;1,28;0,00;0,00;0,00;1,22;6,04;2,07;7,82;0,34;0,66;0,36;9,74;21,41;
IGTA3;35,60;0,60;23,17;2,09;1,07;64,95;64,32;36,85;13,28;16,72;3,44;0,54;8,54;9,34;-1,29;2,86;9,02;4,60;6,76;0,51;0,49;0,12;5,50;6,38;92.013.386,53
INEP3;7,49;;-0,16;-0,04;0,04;31,12;-990,22;-1.399,61;-0,23;-2,65;-2,43;;2,26;-0,04;-0,05;0,14;21,77;-25,95;24,77;-1,19;2,19;0,02;-46,05;;19.691,37
INEP4;6,75;;-0,15;-0,03;0,04;31,12;-990,22;-1.399,61;-0,21;-2,65;-2,43;;2,04;-0,03;-0,05;0,14;21,77;-25,95;24,77;-1,19;2,19;0,02;-46,05;;45.377,37
INNT3;0,00;;0,00;0,00;0,00;34,01;18,03;16,57;0,00;2,19;2,19;2,14;0,00;0,00;0,00;2,18;89,93;6,89;18,48;0,08;0,92;0,42;62,50;37,41;
IRBR3;10,42;2,04;5,53;2,10;0,57;19,25;13,78;26,66;10,70;10,70;;;1,47;-30,89;-1,58;0,97;38,00;10,27;;0,27;0,73;0,39;17,19;24,00;434.677.127,57
ITEC3;40,10;;-35,12;22,04;9,22;-121,18;-18.852,94;-7.435,88;-13,85;-13,21;0,64;-1,02;2.611,73;25,42;-16,70;5,23;-62,76;-26,24;-174,07;0,42;0,58;0,00;-75,29;;
ITSA3;11,00;7,91;10,15;1,68;1,44;27,44;195,65;178,72;9,27;8,59;0,10;0,02;18,14;23,55;-1,60;2,58;16,57;14,16;16,32;0,85;0,15;0,08;-0,05;5,31;2.969.861,23
ITSA4;9,58;9,08;8,84;1,47;1,25;27,44;195,65;178,72;8,08;8,59;0,10;0,02;15,80;20,51;-1,39;2,58;16,57;14,16;16,32;0,85;0,15;0,08;-0,05;5,31;337.212.985,37
ITUB3;23,80;8,45;9,49;1,63;0,13;51,18;5,65;11,19;18,79;19,45;;;1,06;;-0,13;;17,13;1,33;;0,08;0,92;0,12;8,39;4,93;23.900.984,37
ITUB4;25,50;7,89;10,17;1,74;0,14;51,18;5,65;11,19;20,13;19,45;;;1,14;;-0,14;;17,13;1,33;;0,08;0,92;0,12;8,39;4,93;1.064.563.398,93
JBDU3;3,97;;-1,33;0,29;0,10;;;;-0,81;-0,68;-0,19;0,07;;-0,63;-0,10;0,00;-22,06;-7,85;-48,45;0,36;0,64;0,00;;48,00;81.902,33
JBDU4;1,70;;-0,57;0,13;0,04;;;;-0,34;-0,68;-0,19;0,07;;-0,27;-0,04;0,00;-22,06;-7,85;-48,45;0,36;0,64;0,00;;48,00;140.469,47
JBSS3;21,48;2,52;-99,23;1,74;0,38;15,41;6,50;-0,27;4,16;8,21;4,05;1,70;0,27;2,35;-0,62;1,74;-1,76;-0,39;12,07;0,22;0,78;1,41;11,17;21,85;493.983.712,00
JFEN3;3,86;;-0,95;1,56;0,23;-62,75;-409,71;-433,10;-1,00;-2,49;-1,49;2,31;4,11;0,84;-1,19;1,52;-164,02;-24,39;-46,98;0,15;0,85;0,06;-36,70;;542.532,93
JHSF3;5,94;1,40;11,59;1,25;0,65;49,43;89,60;48,44;6,26;7,49;1,22;0,25;5,61;8,52;-0,76;2,09;10,83;5,60;11,02;0,52;0,48;0,12;1,62;49,95;45.574.825,67
JOPA3;23,98;;11,49;0,38;0,14;27,77;4,71;1,77;4,32;13,32;8,99;0,78;0,20;0,51;-0,37;1,78;3,27;1,22;3,36;0,37;0,63;0,69;3,46;-6,68;12.073,80
JOPA4;26,00;;12,46;0,41;0,15;27,77;4,71;1,77;4,69;13,32;8,99;0,78;0,22;0,55;-0,40;1,78;3,27;1,22;3,36;0,37;0,63;0,69;3,46;-6,68;2.510,50
JPSA3;23,50;;8,56;0,68;0,34;64,99;60,86;32,74;4,60;8,36;3,75;0,56;2,80;3,07;-0,42;2,70;7,99;4,01;6,19;0,50;0,50;0,12;5,51;;10.537.548,93
JSLG3;21,75;1,12;26,33;1,96;0,21;21,32;9,88;1,75;4,65;14,21;9,56;4,04;0,46;0,88;-0,38;2,13;7,45;0,80;5,12;0,11;0,89;0,46;11,83;34,48;24.521.965,37
KEPL3;31,42;1,26;19,57;1,74;1,25;25,76;9,44;7,37;15,27;14,90;-0,38;-0,04;1,44;5,97;-2,23;1,91;8,87;6,38;8,04;0,72;0,28;0,87;-8,42;-22,30;3.430.774,13
KLBN11;19,26;3,49;-9,34;6,09;0,62;34,29;25,31;-21,51;7,94;15,70;7,76;5,96;2,01;2,31;-0,96;3,93;-65,24;-6,60;2,52;0,10;0,90;0,31;15,98;-0,43;198.775.499,50
KLBN3;3,92;3,43;-9,50;6,20;0,63;34,29;25,31;-21,51;8,08;15,70;7,76;5,96;2,04;2,35;-0,98;3,93;-65,24;-6,60;2,52;0,10;0,90;0,31;15,98;-0,43;2.281.102,03
KLBN4;3,84;3,50;-9,31;6,07;0,61;34,29;25,31;-21,51;7,91;15,70;7,76;5,96;2,00;2,30;-0,96;3,93;-65,24;-6,60;2,52;0,10;0,90;0,31;15,98;-0,43;12.547.732,47
LAME3;26,22;0,70;71,12;5,62;1,25;36,15;10,61;3,07;20,59;27,18;3,59;0,98;2,18;4,48;-2,94;1,95;7,90;1,76;7,21;0,22;0,78;0,57;3,26;10,35;49.687.507,50
LAME4;31,98;0,57;86,75;6,85;1,53;36,15;10,61;3,07;25,12;27,18;3,59;0,98;2,66;5,46;-3,59;1,95;7,90;1,76;7,21;0,22;0,78;0,57;3,26;10,35;293.327.110,87
LCAM3;15,86;2,83;23,46;2,04;0,75;26,65;15,59;6,90;10,38;15,19;4,81;0,94;1,62;11,70;-0,99;1,36;8,69;3,19;7,72;0,37;0,63;0,46;50,13;68,64;59.480.669,20
LEVE3;19,09;3,34;11,50;1,84;0,87;25,56;12,68;8,60;7,80;8,68;0,88;0,21;0,99;4,52;-1,90;1,56;16,00;7,60;13,65;0,47;0,53;0,88;1,60;5,40;9.569.506,60
LHER3;0,00;;0,00;0,00;0,00;63,41;22,35;10,99;0,00;-3,77;-3,77;-0,15;0,00;0,00;0,00;6,36;1,95;0,67;3,94;0,34;0,66;0,06;4,31;-51,59;
LHER4;0,00;;0,00;0,00;0,00;63,41;22,35;10,99;0,00;-3,77;-3,77;-0,15;0,00;0,00;0,00;6,36;1,95;0,67;3,94;0,34;0,66;0,06;4,31;-51,59;
LIGT3;15,70;;3,59;0,71;0,19;25,03;8,88;10,15;4,10;10,88;6,78;1,17;0,36;3,46;-0,26;1,28;19,81;5,40;3,06;0,27;0,73;0,53;7,79;14,91;55.262.474,43
LINX3;18,95;0,59;283,92;2,06;1,43;65,24;6,92;1,54;63,24;55,70;-7,54;-0,25;4,38;5,45;-2,45;2,72;0,72;0,50;1,81;0,70;0,30;0,33;16,40;-10,47;44.695.432,67
LIPR3;76,50;;33,95;4,78;4,18;;;;38,24;34,44;-3,81;-0,48;;12,79;-7,37;4,10;14,09;12,31;11,87;0,87;0,13;0,00;;;7.650,00
LLIS3;7,17;;-2,56;0,22;0,12;47,52;-9,10;-20,23;-5,69;-17,25;-11,56;0,44;0,52;-3,23;-0,15;0,87;-8,46;-4,50;-4,17;0,53;0,47;0,22;4,50;;2.850.370,63
LOGG3;28,62;0,74;29,91;0,99;0,73;98,37;137,67;74,03;16,08;18,23;2,15;0,13;22,14;4,44;-0,91;4,98;3,30;2,43;3,53;0,74;0,26;0,03;13,50;-19,27;11.707.581,87
LOGN3;14,86;;-14,42;7,68;0,82;17,06;14,56;-10,02;9,93;14,69;4,77;3,69;1,45;3,19;-1,48;2,32;-53,29;-5,66;9,49;0,11;0,89;0,57;1,55;;21.000.103,73
LPSB3;4,39;;-233,34;3,65;1,60;83,67;2,65;-1,88;165,58;128,23;-37,35;-0,82;4,39;5,20;-3,05;2,83;-1,56;-0,68;-5,23;0,44;0,56;0,36;-13,72;;4.340.996,07
LREN3;42,49;0,77;35,66;7,21;2,88;61,47;14,94;9,92;23,66;24,20;0,54;0,16;3,54;18,83;-6,57;1,37;20,22;8,07;15,12;0,40;0,60;0,81;12,95;18,45;446.784.538,63
LTEL3B;0,00;;0,00;0,00;0,00;;;;0,00;0,12;0,12;0,10;;0,00;0,00;16,35;67,35;56,66;56,84;0,84;0,16;0,00;;;
LUPA3;1,80;;-0,64;0,60;0,09;-11,85;-202,54;-533,34;-1,68;-7,79;-6,10;2,16;3,41;0,35;-0,15;2,91;-93,19;-13,87;-12,23;0,15;0,85;0,03;-38,92;;1.516.829,57
LUXM3;0,00;;0,00;0,00;0,00;26,64;14,19;11,18;0,00;7,05;1,49;0,24;0,00;0,00;0,00;2,01;12,73;7,47;8,38;0,59;0,41;0,67;13,39;26,08;
LUXM4;32,00;4,39;12,65;1,61;0,94;26,64;14,19;11,18;9,96;7,05;1,49;0,24;1,41;6,39;-1,34;2,01;12,73;7,47;8,38;0,59;0,41;0,67;13,39;26,08;8.149,65
LWSA3;31,79;;276,84;6,27;3,66;41,29;10,80;3,54;90,81;82,61;-8,21;-0,57;9,81;8,36;-11,91;2,73;2,27;1,32;4,56;0,58;0,42;0,37;;;26.861.998,30
MAPT3;65,00;;-366,43;-10,71;77,27;;;;-370,98;-261,36;0,00;;;-14.932,04;-77,27;0,00;2,92;-21,09;2,89;-7,21;8,21;0,00;;;
MAPT4;27,00;;-152,21;-4,45;32,10;;;;-154,10;-261,36;0,00;;;-6.202,54;-32,10;0,00;2,92;-21,09;2,89;-7,21;8,21;0,00;;;11.281,20
MDIA3;38,75;0,65;20,62;2,14;1,48;36,32;10,07;9,92;20,31;21,48;1,17;0,12;2,05;10,15;-2,27;1,73;10,39;7,19;7,88;0,69;0,31;0,73;5,91;-1,46;43.918.659,17
MDNE3;7,16;;-4,32;0,56;0,27;31,71;8,38;-45,97;23,69;28,00;4,31;0,10;1,98;0,81;-0,60;2,64;-13,08;-6,35;1,26;0,49;0,51;0,14;-13,69;;3.516.172,47
MEAL3;3,82;;-13,87;0,61;0,27;30,47;0,47;-3,36;99,18;135,85;36,67;0,22;0,47;-2,12;-0,33;0,59;-4,39;-1,94;0,29;0,44;0,56;0,58;29,56;;35.182.232,33
MERC3;7,10;1,74;12,69;0,52;0,34;70,55;18,70;13,95;9,47;11,30;;;1,77;1,41;-0,69;1,86;4,13;2,65;;0,64;0,36;0,19;-19,89;58,90;
MERC4;10,25;4,82;18,32;0,76;0,48;70,55;18,70;13,95;13,67;11,30;;;2,56;2,04;-1,00;1,86;4,13;2,65;;0,64;0,36;0,19;-19,89;58,90;39.440,00
MGEL3;0,00;;0,00;0,00;0,00;14,58;8,60;-3,57;0,00;13,72;13,31;;0,00;0,00;0,00;3,05;5,16;-5,22;15,23;-1,01;2,01;1,46;4,34;;
MGEL4;5,00;;-1,51;-0,08;0,08;14,58;8,60;-3,57;0,63;13,72;13,31;;0,05;0,21;-0,18;3,05;5,16;-5,22;15,23;-1,01;2,01;1,46;4,34;;36.671,00
MGLU3;65,81;0,17;130,31;14,20;6,04;27,72;5,55;3,95;92,58;91,05;-1,53;-0,23;5,14;22,86;-15,02;1,79;10,90;4,63;10,58;0,43;0,57;1,17;15,25;48,29;888.233.510,47
MILS3;5,27;;-36,07;1,20;0,91;38,14;-6,09;-7,44;-44,06;-43,90;0,16;0,00;2,68;5,11;-1,28;2,51;-3,33;-2,51;-2,77;0,75;0,25;0,34;-11,16;;11.621.691,47
MMAQ3;0,00;;0,00;0,00;0,00;7,60;7,53;6,58;0,00;-1,10;-1,10;-0,23;0,00;0,00;0,00;2,41;18,65;12,00;15,76;0,64;0,36;1,82;11,72;15,69;
MMAQ4;0,00;;0,00;0,00;0,00;7,60;7,53;6,58;0,00;-1,10;-1,10;-0,23;0,00;0,00;0,00;2,41;18,65;12,00;15,76;0,64;0,36;1,82;11,72;15,69;
MMXM3;1,78;;-0,10;-0,02;0,09;-21,10;-6.517,35;-9.647,88;-0,14;-2,42;-2,28;;9,23;-0,01;-0,12;0,03;16,45;-98,34;15,41;-5,98;6,98;0,01;-67,19;;38.349,10
MNDL3;25,80;;-6,18;-0,44;0,06;33,66;11,39;-2,13;1,16;4,75;3,59;;0,13;-0,10;-0,08;0,29;7,13;-1,00;90,38;-0,14;1,14;0,47;5,04;;281.439,11
MNPR3;4,16;;-0,89;-0,08;0,15;28,37;14,13;-14,02;0,89;0,89;0,01;;0,13;-0,07;-0,22;0,13;8,40;-16,53;-8,29;-1,97;2,97;1,18;4,71;;36.039,38
MOAR3;138,00;5,08;-41,35;1,83;1,12;100,00;60.457,03;15.969,53;-10,92;-9,57;1,35;-0,23;;3,98;-1,94;2,95;-4,43;-2,70;-13,21;0,61;0,39;0,00;-25,48;-11,37;61.786,94
MOVI3;13,01;2,85;54,42;1,78;0,53;24,28;5,98;1,77;16,12;25,33;9,20;1,02;0,96;-12,73;-0,74;0,87;3,28;0,98;4,11;0,30;0,70;0,55;133,51;116,71;45.675.039,93
MRFG3;12,73;;6,43;15,80;0,26;13,67;7,50;2,70;2,31;7,42;5,10;34,86;0,17;4,80;-0,44;1,15;245,71;4,04;12,66;0,02;0,98;1,50;26,24;;196.728.494,90
MRSA3B;32,00;1,09;21,62;2,65;1,01;25,71;32,57;15,73;10,44;;2,30;0,58;3,40;1.129,92;-1,23;1,01;12,27;4,69;11,00;0,38;0,62;0,30;0,88;5,85;38.957,69
MRSA5B;20,00;1,92;13,51;1,66;0,63;25,71;32,57;15,73;6,52;;2,30;0,58;2,12;706,20;-0,77;1,01;12,27;4,69;11,00;0,38;0,62;0,30;0,88;5,85;4.947,78
MRSA6B;20,00;1,92;13,51;1,66;0,63;25,71;32,57;15,73;6,52;;2,30;0,58;2,12;706,20;-0,77;1,01;12,27;4,69;11,00;0,38;0,62;0,30;0,88;5,85;5.254,67
MRVE3;17,04;4,34;12,13;1,44;0,51;29,46;11,04;11,18;12,28;16,93;4,65;0,55;1,36;1,75;-0,99;2,49;11,88;4,19;5,50;0,35;0,65;0,37;7,66;-0,09;78.835.885,27
MSPA3;55,00;;-9,63;0,40;0,25;37,20;-33,58;-30,06;-8,62;-8,75;-0,20;0,01;2,89;5,11;-0,27;2,65;-4,14;-2,56;-4,44;0,62;0,38;0,09;-14,68;;16.498,00
MSPA4;51,50;;-9,02;0,37;0,23;37,20;-33,58;-30,06;-8,07;-8,75;-0,20;0,01;2,71;4,79;-0,25;2,65;-4,14;-2,56;-4,44;0,62;0,38;0,09;-14,68;;10.300,00
MSRO3;0,01;;0,05;0,00;0,00;31,62;21,17;0,37;0,00;6,76;6,76;2,81;0,00;0,00;0,00;0,74;0,73;0,15;9,34;0,20;0,80;0,39;15,89;-13,57;
MTIG3;0,00;;0,00;0,00;0,00;15,87;-0,72;10,44;0,00;-72,19;-64,57;1,60;0,00;0,00;0,00;0,60;35,83;10,75;-31,10;0,30;0,70;1,03;10,03;;
MTIG4;45,00;;0,79;0,28;0,09;15,87;-0,72;10,44;-11,43;-72,19;-64,57;1,60;0,08;-0,37;-0,13;0,60;35,83;10,75;-31,10;0,30;0,70;1,03;10,03;;23.466,00
MTRE3;13,90;;72,73;1,53;1,18;30,91;10,23;6,46;45,89;20,27;-25,63;-0,85;4,70;1,56;-11,25;6,39;2,10;1,62;2,55;0,77;0,23;0,25;;;7.745.950,80
MTSA3;35,00;1,03;23,48;1,33;0,96;23,81;7,80;4,63;13,93;9,06;-0,96;-0,09;1,09;2,00;-3,58;2,91;5,65;4,09;6,57;0,72;0,28;0,88;4,06;-2,01;7.000,00
MTSA4;16,80;2,38;11,27;0,64;0,46;23,81;7,80;4,63;6,68;9,06;-0,96;-0,09;0,52;0,96;-1,72;2,91;5,65;4,09;6,57;0,72;0,28;0,88;4,06;-2,01;165.908,90
MULT3;21,84;2,15;23,62;2,26;1,26;79,75;61,35;41,97;16,16;18,87;2,72;0,38;9,91;35,31;-1,47;1,33;9,56;5,34;7,54;0,56;0,44;0,13;3,23;4,98;158.040.168,53
MWET3;7,00;;-0,37;-0,07;0,08;8,42;-7,58;-21,84;-1,06;-6,13;-5,47;;0,08;-0,12;-0,11;0,25;18,64;-22,54;10,65;-1,21;2,21;1,03;-1,75;;6.550,00
MWET4;3,03;;-0,16;-0,03;0,04;8,42;-7,58;-21,84;-0,46;-6,13;-5,47;;0,03;-0,05;-0,05;0,25;18,64;-22,54;10,65;-1,21;2,21;1,03;-1,75;;51.273,15
MYPK3;13,90;6,11;5,76;0,51;0,18;10,96;6,32;3,79;3,46;8,58;5,12;0,76;0,22;2,57;-0,30;1,23;8,86;3,16;6,04;0,36;0,64;0,83;11,12;28,99;28.356.653,10
NAFG3;64,37;;11,88;2,74;1,15;41,15;16,49;9,28;6,68;7,86;1,17;0,48;1,10;3,20;-2,87;2,52;23,09;9,71;15,89;0,42;0,58;1,05;7,87;33,76;9.648,50
NAFG4;64,42;;11,89;2,74;1,15;41,15;16,49;9,28;6,69;7,86;1,17;0,48;1,10;3,20;-2,87;2,52;23,09;9,71;15,89;0,42;0,58;1,05;7,87;33,76;77.304,00
NEMO3;0,00;;0,00;0,00;0,00;23,65;13,87;-54,97;0,00;;17,48;13,96;0,00;0,00;0,00;1,29;-316,55;-14,22;-5,78;0,04;0,96;0,26;29,06;;
NEMO5;0,00;;0,00;0,00;0,00;23,65;13,87;-54,97;0,00;;17,48;13,96;0,00;0,00;0,00;1,29;-316,55;-14,22;-5,78;0,04;0,96;0,26;29,06;;
NEMO6;0,00;;0,00;0,00;0,00;23,65;13,87;-54,97;0,00;;17,48;13,96;0,00;0,00;0,00;1,29;-316,55;-14,22;-5,78;0,04;0,96;0,26;29,06;;
NEOE3;19,10;2,40;9,67;1,15;0,40;23,27;15,65;8,48;5,24;10,14;4,90;1,07;0,82;5,50;-0,54;1,39;11,86;4,12;8,10;0,35;0,65;0,49;18,25;24,34;60.677.226,07
NORD3;4,10;;-9.049,36;-0,19;1,59;91,86;205,04;-0,19;8,55;20,24;11,69;;17,54;-0,56;-1,70;0,02;0,00;-0,02;-3,11;-8,19;9,19;0,09;;;5.520,57
NRTQ3;0,00;;0,00;0,00;0,00;26,96;13,95;9,21;0,00;-0,91;-0,91;-0,16;0,00;0,00;0,00;3,01;11,76;8,12;12,38;0,69;0,31;0,88;8,13;4,81;
NTCO3;40,40;0,32;-70,32;2,37;0,86;67,96;3,49;-3,59;72,33;94,57;22,24;0,73;2,52;20,64;-1,14;1,20;-3,37;-1,22;1,08;0,36;0,64;0,34;14,29;-26,83;286.194.983,37
NUTR3;99,00;;0,35;0,93;0,21;17,61;1,52;53,40;12,12;19,92;7,80;0,60;0,18;1,04;-0,43;1,68;268,91;61,28;-47,66;0,23;0,77;1,15;7,39;;100.555,36
ODER4;0,00;;0,00;0,00;0,00;27,15;8,79;4,38;0,00;3,10;3,10;0,60;0,00;0,00;0,00;1,84;9,69;4,21;9,71;0,43;0,57;0,96;3,77;27,10;
ODPV3;13,81;2,31;28,01;6,21;3,93;53,07;19,67;14,47;20,60;18,76;-1,84;-0,56;4,05;18,45;-7,77;1,76;22,18;14,02;20,78;0,63;0,37;0,97;9,37;7,87;26.138.947,10
OFSA3;29,75;0,06;32,40;3,27;1,73;49,17;11,97;7,73;20,93;23,77;2,84;0,44;2,51;8,07;-3,56;1,72;10,09;5,34;7,34;0,53;0,47;0,69;13,61;3,92;666.053,83
OGXP3;1,63;;-2,15;-0,98;0,92;;;;-9,26;-9,26;0,00;;;-0,98;;0,51;45,53;-43,02;10,57;-0,94;1,94;0,00;;;
OIBR3;0,98;;-0,64;0,33;0,08;23,94;-14,79;-45,17;-1,96;-7,34;-5,36;0,90;0,29;0,95;-0,11;1,52;-51,11;-12,65;-8,29;0,25;0,75;0,28;-6,55;;131.778.046,70
OIBR4;1,34;;-0,88;0,45;0,11;23,94;-14,79;-45,17;-2,68;-7,34;-5,36;0,90;0,40;1,30;-0,15;1,52;-51,11;-12,65;-8,29;0,25;0,75;0,28;-6,55;;3.218.003,43
OMGE3;33,20;0,27;1.156,04;2,01;0,73;36,70;40,66;0,48;13,77;22,94;9,18;1,34;5,60;9,59;-0,84;2,46;0,17;0,06;5,09;0,36;0,64;0,13;54,71;4,35;24.409.993,97
OSXB3;3,45;;-0,02;0,00;0,01;100,00;-1.948,92;-5.570,69;-0,05;-21,49;-21,44;;1,04;-0,02;-0,01;0,03;12,37;-28,97;60,22;-2,34;3,34;0,01;-56,03;;11.482,87
PARD3;22,25;1,42;20,08;4,11;1,76;29,33;16,31;10,94;13,47;14,00;0,53;0,16;2,20;18,41;-2,56;1,45;20,45;8,77;18,71;0,43;0,57;0,80;14,21;13,42;8.183.647,80
PATI3;21,48;;22,02;0,92;0,41;11,82;3,97;1,70;9,41;10,17;0,66;0,06;0,37;0,81;-1,58;3,15;4,18;1,87;4,10;0,45;0,55;1,10;7,35;2,78;111.522,96
PATI4;27,00;;27,67;1,16;0,52;11,82;3,97;1,70;11,83;10,17;0,66;0,06;0,47;1,02;-1,99;3,15;4,18;1,87;4,10;0,45;0,55;1,10;7,35;2,78;3.850,00
PCAR3;64,80;1,10;34,19;1,25;0,29;21,29;2,84;0,80;9,63;16,09;6,46;0,84;0,27;-9,75;-0,45;0,92;3,65;0,85;4,98;0,23;0,77;1,07;-2,84;-12,00;135.414.236,23
PCAR4;72,11;0,20;38,05;1,39;0,32;21,29;2,84;0,80;10,71;16,09;6,46;0,84;0,30;-10,85;-0,50;0,92;3,65;0,85;4,98;0,23;0,77;1,07;-2,84;-12,00;132.993.317,74
PDGR3;4,89;;-0,05;-0,01;0,02;14,27;-178,95;-385,86;-0,10;-4,17;-4,07;;0,18;-0,02;-0,09;0,38;16,50;-45,19;11,96;-2,74;3,74;0,12;-41,16;;367.630,30
PEAB3;48,06;7,55;13,52;1,16;0,89;30,74;12,03;11,24;12,63;10,64;-3,57;-0,33;1,52;2,92;-1,56;3,49;8,58;6,60;5,34;0,77;0,23;0,59;8,71;26,97;5.794,83
PEAB4;60,00;6,65;16,87;1,45;1,11;30,74;12,03;11,24;15,77;10,64;-3,57;-0,33;1,90;3,64;-1,95;3,49;8,58;6,60;5,34;0,77;0,23;0,59;8,71;26,97;17.750,00
PETR3;21,36;2,97;-21,44;1,19;0,29;42,76;7,30;-4,36;12,81;30,13;17,48;1,62;0,94;9,70;-0,34;1,21;-5,53;-1,34;2,74;0,24;0,76;0,31;-2,17;;434.204.330,27
PETR4;20,71;3,98;-20,79;1,15;0,28;42,76;7,30;-4,36;12,42;30,13;17,48;1,62;0,91;9,40;-0,33;1,21;-5,53;-1,34;2,74;0,24;0,76;0,31;-2,17;;1.688.465.838,27
PFRM3;5,22;;30,38;0,64;0,18;14,90;1,42;0,42;8,93;17,66;8,73;0,63;0,13;1,30;-0,57;1,25;2,12;0,59;3,28;0,28;0,72;1,42;6,84;;3.653.974,83
PINE3;0,00;;0,00;0,00;0,00;-13,87;-45,56;-12,97;0,00;-0,75;;;0,00;0,00;0,00;0,96;-9,47;-0,70;;0,07;0,93;0,05;-1,08;;
PINE4;2,89;;-5,37;0,51;0,04;-13,87;-45,56;-12,97;-1,53;-0,75;;;0,70;-2,54;-0,06;0,96;-9,47;-0,70;;0,07;0,93;0,05;-1,08;;1.013.372,07
PLAS3;4,80;;-8,74;-0,83;0,09;7,68;1,57;-1,67;9,35;37,31;27,96;;0,15;-0,33;-0,12;0,44;9,45;-1,08;3,81;-0,11;1,11;0,65;-9,15;;34.134,75
PMAM3;13,50;;-1,05;9,22;0,14;0,24;1,67;-11,58;7,33;40,90;33,57;42,23;0,12;-0,30;-0,26;0,48;-874,44;-13,66;-5,02;0,02;0,98;1,18;2,00;;3.248.619,40
PNVL3;24,00;0,70;41,74;6,09;2,05;29,58;4,45;2,80;26,27;29,52;3,88;0,90;1,17;9,16;-5,21;1,58;14,58;4,90;10,20;0,34;0,66;1,75;7,62;9,23;1.998.642,80
PNVL4;18,20;1,02;31,66;4,62;1,55;29,58;4,45;2,80;19,92;29,52;3,88;0,90;0,89;6,95;-3,95;1,58;14,58;4,90;10,20;0,34;0,66;1,75;7,62;9,23;193.491,80
POMO3;2,87;4,63;13,88;1,10;0,48;15,28;6,66;4,52;9,42;13,36;3,74;0,44;0,63;2,24;-1,01;1,71;7,93;3,49;6,05;0,44;0,56;0,77;4,88;-1,10;1.124.853,23
POMO4;2,97;4,48;14,37;1,14;0,50;15,28;6,66;4,52;9,74;13,36;3,74;0,44;0,65;2,32;-1,04;1,71;7,93;3,49;6,05;0,44;0,56;0,77;4,88;-1,10;38.894.910,23
POSI3;5,20;0,62;24,73;0,83;0,31;23,47;4,09;1,54;9,33;13,23;3,90;0,35;0,38;1,18;-1,47;1,49;3,37;1,24;4,16;0,37;0,63;0,81;-3,86;-2,17;26.693.754,50
PPAR3;250.020,00;;46.023,58;542,17;397,51;;;;61.671,60;61.663,18;-8,42;-0,07;;7.421,37;-421,42;17,84;1,18;0,86;0,86;0,73;0,27;0,00;;12,45;
PPLA11;17,90;;-39,70;1.937,79;1.937,79;;;;-39,70;-39,70;;;;;-1.937,79;;-4.880,77;-4.880,77;;1,00;0,00;0,00;;;175.240,83
PRIO3;33,50;;6,60;2,06;0,73;36,29;59,34;42,48;4,73;7,37;2,64;1,15;2,80;-7,44;-0,97;0,72;31,16;10,99;17,63;0,35;0,65;0,26;27,56;;123.143.258,80
PRNR3;10,00;;-35,23;5,10;1,59;14,06;2,23;-3,10;49,03;54,38;5,35;0,56;1,09;11,64;-3,41;1,34;-14,47;-4,51;1,73;0,31;0,69;1,46;;;2.489.277,43
PSSA3;50,55;4,62;12,49;2,03;0,50;100,00;6,31;7,18;14,22;4,78;-9,44;-1,34;0,90;3,35;-1,68;1,27;16,21;3,97;6,71;0,24;0,76;0,55;4,76;9,50;44.545.955,53
PTBL3;3,89;1,02;12,00;1,66;0,30;33,25;9,31;4,47;5,76;10,62;4,86;1,40;0,54;3,09;-0,57;1,26;13,84;2,52;8,46;0,18;0,82;0,56;3,26;-32,43;6.176.585,10
PTCA11;0,00;;0,00;0,00;0,00;44,03;10,21;5,83;0,00;;2,66;0,79;0,00;0,00;0,00;1,72;17,05;6,39;12,70;0,37;0,63;1,10;;;
PTCA3;0,00;;0,00;0,00;0,00;44,03;10,21;5,83;0,00;;2,66;0,79;0,00;0,00;0,00;1,72;17,05;6,39;12,70;0,37;0,63;1,10;;;
PTNT3;7,92;0,92;8,49;1,43;0,71;13,97;8,52;7,80;7,77;7,26;1,76;0,32;0,66;5,91;-1,31;1,36;16,84;8,36;11,74;0,50;0,50;1,07;7,68;26,78;5.168,33
PTNT4;4,45;1,63;4,77;0,80;0,40;13,97;8,52;7,80;4,37;7,26;1,76;0,32;0,37;3,32;-0,73;1,36;16,84;8,36;11,74;0,50;0,50;1,07;7,68;26,78;156.193,63
QUAL3;25,80;16,06;19,99;4,87;2,10;81,37;28,04;17,98;12,82;14,04;1,23;0,47;3,59;12,65;-3,07;2,12;24,35;10,52;14,81;0,43;0,57;0,59;6,05;22,49;95.646.118,53
QUSW3;0,00;;0,00;0,00;0,00;24,86;9,49;2,84;0,00;1,45;1,45;0,40;0,00;0,00;0,00;1,26;8,25;3,50;10,97;0,42;0,58;1,23;27,25;9,12;
QVQP3B;0,00;;0,00;0,00;0,00;;;;0,00;1,67;1,67;-1,03;;0,00;0,00;11,20;-60,66;-55,41;-61,61;0,91;0,09;0,00;;;
RADL3;109,00;0,62;43,79;8,66;2,76;29,51;6,49;4,43;29,91;30,64;0,73;0,21;1,94;19,19;-5,41;1,42;19,78;6,31;21,11;0,32;0,68;1,42;18,90;28,93;197.399.712,30
RAIL3;23,53;;75,60;4,39;1,04;34,17;27,52;7,06;19,39;25,55;6,16;1,40;5,33;23,73;-1,20;1,47;5,81;1,37;8,15;0,24;0,76;0,19;14,09;;193.737.797,90
RANI3;3,89;0,28;-11,74;1,83;0,41;30,74;23,56;-6,11;3,04;6,57;3,38;2,03;0,72;8,00;-0,60;1,20;-15,58;-3,53;13,37;0,23;0,77;0,58;4,01;;161.151,07
RANI4;6,30;0,17;-19,01;2,96;0,67;30,74;23,56;-6,11;4,93;6,57;3,38;2,03;1,16;12,95;-0,98;1,20;-15,58;-3,53;13,37;0,23;0,77;0,58;4,01;;91.316,83
RAPT3;7,98;3,40;10,35;1,23;0,43;24,23;9,69;5,20;5,55;8,53;2,24;0,50;0,54;1,19;-1,05;2,65;11,90;4,18;7,09;0,35;0,65;0,80;6,15;4,06;142.192,67
RAPT4;9,57;2,83;12,41;1,48;0,52;24,23;9,69;5,20;6,66;8,53;2,24;0,50;0,65;1,42;-1,26;2,65;11,90;4,18;7,09;0,35;0,65;0,80;6,15;4,06;41.180.498,07
RCSL3;2,03;;-47,03;-2,26;4.048,54;23,59;2,25;-16,54;345,89;293,61;-0,17;;7,78;-12,64;-6,46;0,54;4,80;-8.608,85;-0,65;-1.795,00;2.795,00;520,40;55,45;;80.894,67
RCSL4;1,57;;-36,37;-1,74;3.131,14;23,59;2,25;-16,54;267,51;293,61;-0,17;;6,02;-9,77;-5,00;0,54;4,80;-8.608,85;-0,65;-1.795,00;2.795,00;520,40;55,45;;2.417.505,73
RDNI3;7,95;0,11;276,61;0,56;0,24;26,29;2,66;0,39;40,89;83,91;43,02;0,59;1,09;1,04;-0,38;2,43;0,20;0,09;-0,03;0,42;0,58;0,22;-14,86;-56,14;183.278,37
REDE3;10,05;2,27;25,80;4,40;1,06;20,28;14,07;7,42;13,61;18,09;4,48;1,45;1,91;14,05;-1,50;1,35;17,05;4,11;9,71;0,24;0,76;0,55;17,93;-10,54;11.929,70
RENT3;40,96;0,97;36,38;5,72;1,51;25,20;14,66;8,10;20,10;24,74;4,64;1,32;2,95;18,83;-2,03;1,45;15,73;4,14;7,80;0,26;0,74;0,51;21,24;15,22;377.935.774,47
RLOG3;19,07;;18,58;1,06;0,25;34,17;27,37;6,91;4,69;10,89;6,20;1,40;1,28;5,72;-0,29;1,47;5,69;1,34;8,11;0,24;0,76;0,19;50,58;42,36;11.337.721,73
RNEW11;7,73;;-0,11;-0,10;0,05;32,42;-572,97;-1.032,75;-0,19;-2,96;-2,77;;1,09;-0,04;-0,05;0,01;92,99;-43,52;-120,77;-0,47;1,47;0,04;-20,17;;168.096,43
RNEW3;3,01;;-0,12;-0,12;0,05;32,42;-572,97;-1.032,75;-0,22;-2,96;-2,77;;1,28;-0,04;-0,05;0,01;92,99;-43,52;-120,77;-0,47;1,47;0,04;-20,17;;70.536,23
RNEW4;2,35;;-0,10;-0,09;0,04;32,42;-572,97;-1.032,75;-0,17;-2,96;-2,77;;1,00;-0,03;-0,04;0,01;92,99;-43,52;-120,77;-0,47;1,47;0,04;-20,17;;103.476,20
ROMI3;12,00;9,58;9,04;0,95;0,49;28,79;6,51;10,29;14,30;19,70;5,41;0,36;0,93;2,09;-1,14;1,70;10,48;5,41;3,87;0,52;0,48;0,53;3,37;76,10;2.723.393,53
RPAD3;6,25;0,01;12,62;0,52;0,52;94,81;15.412,22;15.529,63;12,72;;-0,23;-0,01;1.960,24;-305,23;-0,52;0,86;4,14;4,09;4,11;0,99;0,01;0,00;4,29;4,48;3.534,13
RPAD5;8,20;6,38;16,56;0,69;0,68;94,81;15.412,22;15.529,63;16,69;;-0,23;-0,01;2.571,83;-400,46;-0,68;0,86;4,14;4,09;4,11;0,99;0,01;0,00;4,29;4,48;7.420,78
RPAD6;6,48;0,01;13,09;0,54;0,53;94,81;15.412,22;15.529,63;13,19;;-0,23;-0,01;2.032,37;-316,46;-0,54;0,86;4,14;4,09;4,11;0,99;0,01;0,00;4,29;4,48;3.743,59
RPMG3;3,15;;-0,93;-0,08;0,09;3,20;-16,45;-19,27;-1,09;-1,09;0,00;;0,18;-0,09;-1,03;0,49;8,21;-9,17;7,01;-1,12;2,12;0,48;37,84;;295.330,80
RSID3;5,12;;-0,17;-0,14;0,04;-58,85;-865,50;-1.168,96;-0,22;-3,78;-3,55;;1,93;-0,08;-0,07;0,42;83,29;-27,04;-48,80;-0,32;1,32;0,02;-48,12;;750.870,53
RSUL3;0,00;;0,00;0,00;0,00;33,70;18,02;10,96;0,00;0,99;0,07;0,79;0,00;0,00;0,00;0,55;705,46;9,30;435,98;0,01;0,99;0,85;4,32;19,67;
RSUL4;117,00;;3,69;26,04;0,34;33,70;18,02;10,96;2,25;0,99;0,07;0,79;0,40;-1,28;-0,51;0,55;705,46;9,30;435,98;0,01;0,99;0,85;4,32;19,67;17.050,50
SANB11;29,80;9,62;7,82;1,12;0,13;34,12;3,14;19,04;47,38;47,38;;;1,49;;-0,14;;14,32;1,72;;0,12;0,88;0,09;4,33;23,85;98.366.657,67
SANB3;14,66;9,31;7,70;1,10;0,13;34,12;3,14;19,04;46,62;47,38;;;1,47;;-0,14;;14,32;1,72;;0,12;0,88;0,09;4,33;23,85;2.675.837,57
SANB4;14,70;10,21;7,72;1,11;0,13;34,12;3,14;19,04;46,75;47,38;;;1,47;;-0,14;;14,32;1,72;;0,12;0,88;0,09;4,33;23,85;2.781.915,30
SAPR11;30,70;3,61;8,30;1,44;0,74;61,18;34,87;22,97;5,46;7,03;1,57;0,41;1,91;23,81;-0,85;1,30;17,40;8,90;13,22;0,51;0,49;0,39;12,53;20,70;58.281.432,13
SAPR3;7,18;2,85;9,70;1,69;0,86;61,18;34,87;22,97;6,39;7,03;1,57;0,41;2,23;27,84;-1,00;1,30;17,40;8,90;13,22;0,51;0,49;0,39;12,53;20,70;1.004.171,47
SAPR4;5,96;3,78;8,05;1,40;0,72;61,18;34,87;22,97;5,30;7,03;1,57;0,41;1,85;23,11;-0,83;1,30;17,40;8,90;13,22;0,51;0,49;0,39;12,53;20,70;12.146.099,87
SBSP3;55,48;2,48;18,39;1,81;0,81;43,67;30,71;11,36;6,80;9,00;2,19;0,58;2,09;-21,16;-0,91;0,74;9,83;4,39;13,86;0,45;0,55;0,39;9,91;30,11;217.999.550,57
SCAR3;34,44;1,06;21,67;1,33;0,66;74,69;57,17;24,09;9,13;14,27;5,14;0,75;5,22;7,17;-0,78;2,44;6,13;3,04;6,61;0,50;0,50;0,13;4,05;-6,45;624.938,00
SEDU3;23,80;;-13,38;14,95;1,53;48,36;-15,73;-25,73;-21,89;-27,94;-6,05;4,13;3,44;57,90;-2,27;1,09;-111,71;-11,44;-13,15;0,10;0,90;0,44;12,49;;
SEER3;15,87;1,90;21,05;1,54;0,82;53,34;17,57;7,58;9,08;8,89;-0,19;-0,03;1,60;8,70;-1,06;1,72;7,32;3,91;15,32;0,53;0,47;0,52;12,60;-8,61;16.280.173,97
SGPS3;7,49;;8,19;0,27;0,11;31,63;5,48;3,21;4,81;15,57;10,76;0,60;0,26;1,19;-0,19;1,33;3,30;1,39;3,18;0,42;0,58;0,43;-7,42;;1.232.913,77
SHOW3;2,70;;-3,53;0,67;0,28;14,11;-12,65;-16,88;-4,72;-3,19;1,52;-0,22;0,60;1,47;-0,65;1,49;-18,85;-7,87;-9,51;0,42;0,58;0,47;-6,57;;2.468.085,97
SHUL3;0,00;;0,00;0,00;0,00;22,22;9,32;8,91;0,00;7,94;2,33;0,36;0,00;0,00;0,00;2,24;14,63;5,92;6,36;0,40;0,60;0,66;7,65;12,44;
SHUL4;10,80;1,42;10,24;1,50;0,61;22,22;9,32;8,91;9,79;7,94;2,33;0,36;0,91;1,71;-1,69;2,24;14,63;5,92;6,36;0,40;0,60;0,66;7,65;12,44;2.441.440,87
SLCE3;22,70;1,74;12,02;1,49;0,59;26,82;19,66;11,24;6,87;9,30;2,43;0,53;1,35;4,24;-1,08;1,45;12,42;4,95;9,79;0,40;0,60;0,44;15,19;35,04;42.405.511,77
SLED3;2,00;;-0,24;-0,45;0,09;29,79;-75,15;-47,50;-0,15;-1,03;-0,92;;0,12;-2,60;-0,13;0,89;184,19;-37,32;-165,40;-0,20;1,20;0,79;-18,14;;434.637,50
SLED4;0,92;;-0,11;-0,21;0,04;29,79;-75,15;-47,50;-0,07;-1,03;-0,92;;0,05;-1,20;-0,06;0,89;184,19;-37,32;-165,40;-0,20;1,20;0,79;-18,14;;950.937,63
SMFT3;0,00;;0,00;0,00;0,00;37,95;6,14;-16,06;0,00;8,98;8,98;0,50;0,00;0,00;0,00;1,66;-14,51;-4,28;1,36;0,29;0,71;0,27;;;
SMLS3;16,97;1,59;3,36;1,67;0,69;93,01;72,86;59,62;2,75;1,24;-1,51;-0,92;2,00;2,23;-2,88;1,70;49,66;20,65;39,69;0,42;0,58;0,35;;;38.752.474,40
SMTO3;19,13;3,44;11,64;1,83;0,59;27,25;30,71;15,85;6,01;9,98;3,97;1,21;1,84;2,82;-0,88;2,75;15,75;5,06;11,27;0,32;0,68;0,32;16,99;18,39;36.677.064,40
SNSY3;0,00;;0,00;0,00;0,00;9,30;-22,14;-40,57;0,00;;-0,83;;0,00;0,00;0,00;0,55;14,93;-48,81;8,89;-3,27;4,27;1,20;0,60;;
SNSY5;81,00;;-0,08;-0,01;0,04;9,30;-22,14;-40,57;-0,15;;-0,83;;0,03;-0,10;-0,08;0,55;14,93;-48,81;8,89;-3,27;4,27;1,20;0,60;;25.426,50
SNSY6;0,00;;0,00;0,00;0,00;9,30;-22,14;-40,57;0,00;;-0,83;;0,00;0,00;0,00;0,55;14,93;-48,81;8,89;-3,27;4,27;1,20;0,60;;
SOND3;33,46;2,50;13,29;1,48;1,05;31,63;5,28;9,46;23,81;;-8,46;-0,53;1,26;2,50;-2,54;3,49;11,17;7,87;3,72;0,71;0,29;0,83;-16,58;-15,38;
SOND5;37,00;2,49;14,70;1,64;1,16;31,63;5,28;9,46;26,33;;-8,46;-0,53;1,39;2,76;-2,81;3,49;11,17;7,87;3,72;0,71;0,29;0,83;-16,58;-15,38;11.100,00
SOND6;31,09;2,96;12,35;1,38;0,97;31,63;5,28;9,46;22,12;;-8,46;-0,53;1,17;2,32;-2,36;3,49;11,17;7,87;3,72;0,71;0,29;0,83;-16,58;-15,38;9.327,00
SPRI3;10,30;;-4,69;0,75;0,70;;;;-4,29;;0,56;-0,10;;2,45;-1,05;7,86;-15,92;-14,98;-17,38;0,94;0,06;0,00;;;21.882,48
SPRI5;9,72;;-4,42;0,70;0,66;;;;-4,05;;0,56;-0,10;;2,31;-0,99;7,86;-15,92;-14,98;-17,38;0,94;0,06;0,00;;;7.022,50
SPRI6;22,00;;-10,01;1,59;1,50;;;;-9,17;;0,56;-0,10;;5,24;-2,23;7,86;-15,92;-14,98;-17,38;0,94;0,06;0,00;;;71.686,00
SPRT3B;0,90;;-32,01;-32,93;408,93;;;;-34,85;-34,85;0,00;;;-30,49;-411,12;0,00;102,88;-1.277,40;94,51;-12,42;13,42;0,00;;;
SQIA3;19,38;;-761,69;3,23;2,25;33,16;-0,45;-0,97;-1.657,26;-1.342,97;314,29;-0,61;7,38;4,23;-5,95;6,81;-0,42;-0,29;-0,61;0,70;0,30;0,30;19,79;;18.285.488,03
STBP3;5,51;0,32;329,28;2,75;1,15;26,15;9,20;1,16;41,40;42,11;0,71;0,05;3,81;12,33;-1,39;2,22;0,84;0,35;4,60;0,42;0,58;0,30;-0,62;-30,01;23.387.018,93
STKF3;0,00;;0,00;0,00;0,00;52,23;28,54;13,66;0,00;2,06;2,06;0,20;0,00;0,00;0,00;1,52;4,71;2,85;5,76;0,61;0,39;0,21;15,38;;
STTR3;0,00;;0,00;0,00;0,00;33,80;12,33;12,53;0,00;0,55;0,55;0,13;0,00;0,00;0,00;3,75;23,94;13,99;15,42;0,58;0,42;1,12;9,75;31,06;
SULA11;43,85;1,47;16,65;2,44;0,62;12,15;3,61;4,70;21,71;4,08;-17,63;-1,98;0,78;1,85;-2,07;1,93;14,65;3,74;5,94;0,26;0,74;0,80;9,98;16,00;153.984.681,57
SULA3;19,55;1,10;22,27;3,26;0,83;12,15;3,61;4,70;29,03;4,08;-17,63;-1,98;1,05;2,47;-2,77;1,93;14,65;3,74;5,94;0,26;0,74;0,80;9,98;16,00;96.265,63
SULA4;11,85;1,82;13,50;1,98;0,51;12,15;3,61;4,70;17,60;4,08;-17,63;-1,98;0,63;1,50;-1,68;1,93;14,65;3,74;5,94;0,26;0,74;0,80;9,98;16,00;104.805,70
SUZB3;38,53;;-3,50;11,24;0,50;23,65;13,89;-54,97;13,83;31,29;17,46;14,20;1,92;11,95;-0,61;1,29;-321,65;-14,23;-5,77;0,04;0,96;0,26;29,06;;465.538.189,57
TAEE11;28,41;8,18;8,11;1,85;0,79;66,77;80,74;56,32;5,66;8,94;3,29;1,07;4,57;4,47;-1,07;3,10;22,75;9,77;13,71;0,43;0,57;0,17;3,71;2,07;74.060.279,67
TAEE3;9,51;8,15;8,14;1,85;0,80;66,77;80,74;56,32;5,68;8,94;3,29;1,07;4,59;4,49;-1,08;3,10;22,75;9,77;13,71;0,43;0,57;0,17;3,71;2,07;437.480,40
TAEE4;9,50;8,16;8,13;1,85;0,79;66,77;80,74;56,32;5,67;8,94;3,29;1,07;4,58;4,49;-1,08;3,10;22,75;9,77;13,71;0,43;0,57;0,17;3,71;2,07;789.051,27
TASA3;5,06;;10,31;-1,47;0,42;34,08;10,57;4,34;4,24;11,41;6,76;;0,45;6,94;-1,20;1,10;-14,26;4,07;18,68;-0,29;1,29;0,94;11,06;;629.998,87
TASA4;6,10;;12,43;-1,77;0,51;34,08;10,57;4,34;5,11;11,41;6,76;;0,54;8,37;-1,45;1,10;-14,26;4,07;18,68;-0,29;1,29;0,94;11,06;;7.469.795,93
TCNO3;2,74;;-48,76;23,81;0,08;;;;-10,55;-26,88;-19,45;43,91;;-0,19;-0,09;0,29;-48,82;-0,16;-5,02;0,00;1,00;0,00;;;230.582,27
TCNO4;1,48;;-26,34;12,86;0,04;;;;-5,70;-26,88;-19,45;43,91;;-0,10;-0,05;0,29;-48,82;-0,16;-5,02;0,00;1,00;0,00;;;202.664,93
TCSA3;10,70;;-2,46;0,89;0,49;-5,14;-92,62;-107,43;-2,86;-3,21;-0,36;0,11;2,65;3,28;-0,75;1,73;-36,01;-19,76;-23,55;0,55;0,45;0,18;-25,67;;21.271.461,83
TECN3;1,52;;-0,97;0,35;0,18;34,55;-40,05;-38,79;-0,94;-1,27;-0,32;0,12;0,38;0,52;-0,42;2,41;-35,61;-18,14;-30,42;0,51;0,49;0,47;-5,22;;474.345,60
TEKA3;7,50;;-0,03;0,00;0,00;14,90;-19,13;-86,76;-0,13;-16,60;-16,48;;0,03;0,00;0,00;0,03;8,25;-13,17;2,78;-1,60;2,60;0,15;4,39;;2.303,67
TEKA4;6,99;;-0,03;0,00;0,00;14,90;-19,13;-86,76;-0,12;-16,60;-16,48;;0,02;0,00;0,00;0,03;8,25;-13,17;2,78;-1,60;2,60;0,15;4,39;;39.645,44
TELB3;104,80;;-47,89;4,36;1,65;-85,25;-26,94;-65,47;-116,41;-84,08;9,90;-0,37;31,36;7,43;-2,31;4,58;-9,10;-3,45;-3,21;0,38;0,62;0,05;6,86;;80.422,74
TELB4;30,36;;-13,87;1,26;0,48;-85,25;-26,94;-65,47;-33,72;-84,08;9,90;-0,37;9,08;2,15;-0,67;4,58;-9,10;-3,45;-3,21;0,38;0,62;0,05;6,86;;1.099.215,07
TEND3;27,37;1,23;12,34;2,08;0,80;32,48;13,42;11,83;10,87;10,37;-0,50;-0,10;1,46;1,62;-3,20;2,93;16,88;6,48;9,82;0,38;0,62;0,55;27,88;;35.390.411,20
TESA3;11,42;;-2,10;0,32;0,10;16,54;7,61;-11,02;3,04;15,33;12,29;1,27;0,23;-2,63;-0,14;0,89;-14,98;-4,61;4,46;0,31;0,69;0,42;4,07;;785.029,60
TGMA3;21,98;7,23;7,77;2,44;1,50;21,28;17,34;14,03;6,29;6,78;0,49;0,19;1,09;7,21;-2,67;1,90;31,36;19,25;19,67;0,61;0,39;1,37;-1,32;;22.359.230,73
TIET11;13,91;4,97;17,71;3,64;0,69;33,95;37,62;15,34;7,22;10,95;3,72;1,88;2,72;-40,43;-0,89;0,93;20,53;3,88;12,04;0,19;0,81;0,25;-8,55;7,42;23.863.291,53
TIET3;3,12;4,43;19,86;4,08;0,77;33,95;37,62;15,34;8,10;10,95;3,72;1,88;3,05;-45,35;-1,00;0,93;20,53;3,88;12,04;0,19;0,81;0,25;-8,55;7,42;544.873,40
TIET4;2,69;5,14;17,13;3,52;0,66;33,95;37,62;15,34;6,98;10,95;3,72;1,88;2,63;-39,10;-0,87;0,93;20,53;3,88;12,04;0,19;0,81;0,25;-8,55;7,42;1.696.831,33
TIMP3;14,40;2,86;9,52;1,54;0,88;57,26;26,33;21,06;7,61;7,79;0,18;0,04;2,00;28,35;-1,08;1,21;16,22;9,28;14,51;0,57;0,43;0,44;-2,28;18,52;110.155.948,23
TKNO3;0,00;;0,00;0,00;0,00;23,31;12,62;6,72;0,00;1,41;-1,25;-0,14;0,00;0,00;0,00;3,45;5,87;4,67;6,16;0,79;0,21;0,69;1,69;16,13;
TKNO4;39,20;;10,82;0,64;0,50;23,31;12,62;6,72;5,76;1,41;-1,25;-0,14;0,73;1,29;-1,13;3,45;5,87;4,67;6,16;0,79;0,21;0,69;1,69;16,13;3.920,00
TOTS3;21,15;0,87;47,00;4,84;3,39;67,94;14,46;11,21;36,43;33,70;-2,74;-0,36;5,27;10,53;-7,00;2,66;10,29;7,21;8,67;0,70;0,30;0,64;5,18;-4,33;110.803.335,17
TOYB3;2,29;;-43,94;-4,97;4,03;24,06;-10,70;-10,96;-45,00;-47,62;-0,63;;4,81;-5,93;-11,89;0,49;11,31;-9,18;11,93;-0,81;1,81;0,84;-33,11;;
TOYB4;2,50;;-47,96;-5,43;4,40;24,06;-10,70;-10,96;-49,12;-47,62;-0,63;;5,26;-6,47;-12,98;0,49;11,31;-9,18;11,93;-0,81;1,81;0,84;-33,11;;
TPIS3;1,26;;-1,19;0,30;0,06;11,06;-4,85;-18,14;-4,46;-41,22;-36,76;2,50;0,22;-0,25;-0,06;0,22;-25,44;-5,05;-5,29;0,20;0,80;0,28;-10,51;;890.192,30
TRIS3;10,50;3,06;12,59;1,74;1,05;36,88;21,73;19,73;11,43;10,84;-0,59;-0,09;2,48;2,00;-4,46;3,18;13,81;8,33;10,83;0,60;0,40;0,42;16,63;31,43;18.807.766,30
TRPL3;24,66;7,05;8,88;1,28;0,78;69,74;70,49;54,17;6,82;7,00;0,93;0,17;4,81;7,88;-0,96;2,21;14,38;8,83;12,40;0,61;0,39;0,16;24,55;36,20;82.790,87
TRPL4;20,16;8,62;7,26;1,04;0,64;69,74;70,49;54,17;5,58;7,00;0,93;0,17;3,93;6,44;-0,78;2,21;14,38;8,83;12,40;0,61;0,39;0,16;24,55;36,20;39.825.027,23
TUPY3;18,23;;9,42;1,10;0,51;16,17;6,91;5,40;7,37;9,18;1,81;0,27;0,51;1,78;-1,04;2,31;11,68;5,44;7,67;0,47;0,53;1,01;10,64;25,61;16.009.003,77
TXRX3;41,00;;8,16;-0,60;0,95;31,55;23,55;20,38;7,06;11,63;8,31;;1,66;-0,67;-1,39;0,18;-7,35;11,61;-28,89;-1,58;2,58;0,57;3,62;;158.540,00
TXRX4;8,00;;1,59;-0,12;0,18;31,55;23,55;20,38;1,38;11,63;8,31;;0,32;-0,13;-0,27;0,18;-7,35;11,61;-28,89;-1,58;2,58;0,57;3,62;;253.085,47
UCAS3;3,80;11,66;16,85;1,57;1,22;39,56;11,07;10,22;15,57;13,02;-2,54;-0,26;1,72;3,71;-2,47;2,82;9,30;7,22;6,49;0,78;0,22;0,71;-9,32;;675.247,07
UGPA3;17,83;2,47;60,38;2,09;0,60;6,76;1,50;0,37;14,70;24,10;9,40;1,34;0,22;2,05;-1,11;2,78;3,47;1,00;3,57;0,29;0,71;2,72;5,68;-20,28;147.169.913,13
UNIP3;28,05;2,81;125,85;1,97;0,70;26,07;10,56;0,71;8,44;;0,87;0,20;0,89;8,11;-1,06;1,34;1,57;0,55;11,97;0,35;0,65;0,78;31,46;21,32;59.969,93
UNIP5;29,99;4,77;134,55;2,11;0,75;26,07;10,56;0,71;9,02;;0,87;0,20;0,95;8,68;-1,13;1,34;1,57;0,55;11,97;0,35;0,65;0,78;31,46;21,32;21.174,27
UNIP6;24,25;3,57;108,80;1,70;0,60;26,07;10,56;0,71;7,29;;0,87;0,20;0,77;7,01;-0,91;1,34;1,57;0,55;11,97;0,35;0,65;0,78;31,46;21,32;3.608.504,40
USIM3;7,19;0,69;-72,91;0,58;0,33;12,42;6,63;-0,81;8,92;;3,52;0,23;0,59;1,36;-0,52;3,26;-0,79;-0,46;4,23;0,58;0,42;0,56;4,95;12,56;2.473.969,87
USIM5;6,39;0,86;-64,80;0,51;0,30;12,42;6,63;-0,81;7,93;;3,52;0,23;0,53;1,21;-0,46;3,26;-0,79;-0,46;4,23;0,58;0,42;0,56;4,95;12,56;162.138.316,63
USIM6;9,50;0,58;-96,34;0,76;0,44;12,42;6,63;-0,81;11,79;;3,52;0,23;0,78;1,80;-0,68;3,26;-0,79;-0,46;4,23;0,58;0,42;0,56;4,95;12,56;1.900,00
VALE3;54,00;2,62;-188,55;1,65;0,65;42,73;11,19;-1,02;17,13;19,30;2,18;0,21;1,92;6,56;-0,85;1,72;-0,88;-0,34;4,99;0,39;0,61;0,34;12,46;;1.590.218.010,37
VIVA3;20,00;0,85;17,06;4,26;2,58;70,18;33,57;28,98;14,72;14,18;-0,54;-0,16;4,94;5,84;-7,66;3,00;24,98;15,14;22,53;0,61;0,39;0,52;;;38.229.695,77
VIVR3;1,73;;-0,37;-0,56;0,16;25,79;125,50;163,73;-0,49;-1,65;-1,16;;;-0,32;-0,26;0,44;149,67;-43,41;-307,04;-0,29;1,29;-0,27;;;1.044.019,93
VIVT3;48,40;5,66;17,01;1,15;0,75;49,70;16,33;10,91;11,36;12,46;1,10;0,11;1,86;41,43;-0,92;1,10;6,76;4,38;6,78;0,65;0,35;0,40;4,81;0,26;4.400.361,77
VIVT4;48,44;6,22;17,02;1,15;0,75;49,70;16,33;10,91;11,37;12,46;1,10;0,11;1,86;41,46;-0,92;1,10;6,76;4,38;6,78;0,65;0,35;0,40;4,81;0,26;150.362.516,53
VLID3;11,22;6,24;19,65;0,63;0,28;21,29;6,31;1,99;6,19;12,30;6,11;0,63;0,39;1,69;-0,48;1,67;3,23;1,43;4,81;0,44;0,56;0,72;9,15;-13,37;11.332.930,67
VSPT3;0,00;;0,00;0,00;0,00;11,36;10,08;5,55;0,00;-0,43;-0,43;-0,02;0,00;0,00;0,00;0,61;2,97;1,61;3,85;0,54;0,46;0,29;10,01;;
VSPT4;0,00;;0,00;0,00;0,00;11,36;10,08;5,55;0,00;-0,43;-0,43;-0,02;0,00;0,00;0,00;0,61;2,97;1,61;3,85;0,54;0,46;0,29;10,01;;
VULC3;5,10;;9,96;1,14;0,91;34,41;9,14;9,69;10,55;10,07;-0,48;-0,05;0,97;1,92;-2,24;4,78;11,40;9,10;9,76;0,80;0,20;0,94;5,57;;6.022.544,17
VVAR3;15,70;;-14,81;31,84;0,85;29,39;-3,69;-5,37;-21,58;;-3,78;5,58;0,80;-5,83;-1,71;0,77;-214,98;-5,76;-24,20;0,03;0,97;1,07;2,50;;1.387.518.919,03
WEGE3;44,34;0,92;52,33;9,42;5,36;29,68;14,15;12,59;46,54;46,32;-0,22;-0,04;6,59;16,47;-13,74;2,14;17,99;10,24;14,47;0,57;0,43;0,81;11,23;11,15;214.665.372,23
WHRL3;6,19;24,07;6,07;2,83;1,19;17,49;7,40;19,10;15,66;14,12;-1,81;-0,33;1,16;5,16;-5,03;1,43;46,68;19,64;9,29;0,42;0,58;1,03;-4,33;20,00;137.471,90
WHRL4;6,53;26,69;6,40;2,99;1,26;17,49;7,40;19,10;16,52;14,12;-1,81;-0,33;1,22;5,44;-5,30;1,43;46,68;19,64;9,29;0,42;0,58;1,03;-4,33;20,00;387.924,77
WIZS3;11,16;5,99;8,18;7,19;2,72;72,14;52,11;31,28;4,91;4,62;-0,29;-0,42;2,56;-20,94;-3,91;0,70;87,80;33,25;92,92;0,38;0,62;1,06;19,97;21,33;11.146.933,30
WLMM3;11,47;2,79;7,94;0,97;0,78;12,74;5,47;4,78;6,93;8,03;-0,37;-0,05;0,38;2,67;-1,29;3,82;12,24;9,84;11,33;0,80;0,20;2,06;4,61;32,46;5.219,13
WLMM4;15,94;2,21;11,03;1,35;1,09;12,74;5,47;4,78;9,63;8,03;-0,37;-0,05;0,53;3,71;-1,80;3,82;12,24;9,84;11,33;0,80;0,20;2,06;4,61;32,46;23.438,70
WSON33;29,48;3,86;33,60;0,92;0,39;44,15;17,95;3,85;7,21;14,03;6,82;0,87;1,29;6,78;-0,47;1,55;2,74;1,17;4,04;0,43;0,57;0,30;1,52;4,05;1.756.442,03
YDUQ3;32,80;1,55;17,69;3,10;1,33;57,55;24,01;16,12;11,88;12,99;1,11;0,29;2,85;4,31;-2,36;3,41;17,50;7,51;12,43;0,43;0,57;0,47;8,38;12,26;128.947.298,83
